"year","month","Country","total_count.x","MATERIAL.CONFLICT","MATERIAL.COOPERATION","VERBAL.CONFLICT","VERBAL.COOPERATION","total_count.y","neutral","Anti.foreign","national.revival","state.role","national.pride","Anti_foreign_t1","Anti_foreign_t2","Anti_foreign_t3","National_pride_t1","National_pride_t2","National_pride_t3","National_revival_t1","National_revival_t2","National_revival_t3"
2021,11,"Afghanistan",1,1,0,0,0,41,28,7,2,2,2,7,7,7,2,2,2,2,2,2
2021,11,"Australia",5,0,1,4,0,26,8,14,0,4,0,14,14,14,0,0,0,0,0,0
2021,11,"Bangladesh",2,0,2,0,0,0,0,0,0,0,0,0,0,0,0,0,0,0,0,0
2021,11,"Brazil",1,0,0,1,0,0,0,0,0,0,0,0,0,0,0,0,0,0,0,0
2021,11,"Burkina Faso",1,0,1,0,0,4,4,0,0,0,0,0,0,0,0,0,0,0,0,0
2021,11,"Cambodia",2,0,2,0,0,10,8,0,2,0,0,0,0,0,0,0,0,2,2,2
2021,11,"Canada",4,2,0,2,0,0,0,0,0,0,0,0,0,0,0,0,0,0,0,0
2021,11,"Central African Republic",1,0,0,1,0,0,0,0,0,0,0,0,0,0,0,0,0,0,0,0
2021,11,"Congo",1,0,0,1,0,24,16,8,0,0,0,8,8,8,0,0,0,0,0,0
2021,11,"Costa Rica",1,0,0,1,0,0,0,0,0,0,0,0,0,0,0,0,0,0,0,0
2021,11,"Denmark",1,1,0,0,0,2,2,0,0,0,0,0,0,0,0,0,0,0,0,0
2021,11,"Ethiopia",1,0,1,0,0,22,10,0,8,4,0,0,0,0,0,0,0,8,8,8
2021,11,"France",1,1,0,0,0,12,10,0,0,2,0,0,0,0,0,0,0,0,0,0
2021,11,"Honduras",1,0,0,1,0,7,7,0,0,0,0,0,0,0,0,0,0,0,0,0
2021,11,"India",13,0,1,12,0,14,5,5,2,2,0,5,5,5,0,0,0,2,2,2
2021,11,"Iran",1,0,0,1,0,33,20,9,2,2,0,9,9,9,0,0,0,2,2,2
2021,11,"Iraq",2,0,2,0,0,6,4,0,0,2,0,0,0,0,0,0,0,0,0,0
2021,11,"Israel",5,0,5,0,0,0,0,0,0,0,0,0,0,0,0,0,0,0,0,0
2021,11,"Jamaica",1,0,1,0,0,0,0,0,0,0,0,0,0,0,0,0,0,0,0,0
2021,11,"Japan",4,3,1,0,0,110,72,14,0,18,6,14,14,14,6,6,6,0,0,0
2021,11,"Kazakhstan",2,0,1,1,0,4,4,0,0,0,0,0,0,0,0,0,0,0,0,0
2021,11,"Kyrgyzstan",1,0,1,0,0,0,0,0,0,0,0,0,0,0,0,0,0,0,0,0
2021,11,"Lebanon",2,0,2,0,0,33,20,0,0,6,7,0,0,0,7,7,7,0,0,0
2021,11,"Libya",1,0,1,0,0,0,0,0,0,0,0,0,0,0,0,0,0,0,0,0
2021,11,"Lithuania",30,5,6,19,0,223,120,30,6,67,0,30,30,30,0,0,0,6,6,6
2021,11,"Mauritania",1,0,1,0,0,7,5,0,0,2,0,0,0,0,0,0,0,0,0,0
2021,11,"Myanmar [Burma]",1,0,0,1,0,13,9,0,0,2,2,0,0,0,2,2,2,0,0,0
2021,11,"New Zealand",1,0,0,1,0,0,0,0,0,0,0,0,0,0,0,0,0,0,0,0
2021,11,"Nigeria",1,1,0,0,0,18,18,0,0,0,0,0,0,0,0,0,0,0,0,0
2021,11,"North Korea",1,1,0,0,0,19,14,5,0,0,0,5,5,5,0,0,0,0,0,0
2021,11,"Norway",1,0,0,1,0,0,0,0,0,0,0,0,0,0,0,0,0,0,0,0
2021,11,"Pakistan",7,0,7,0,0,13,9,2,2,0,0,2,2,2,0,0,0,2,2,2
2021,11,"Peru",1,0,1,0,0,30,22,0,0,4,4,0,0,0,4,4,4,0,0,0
2021,11,"Philippines",3,2,0,1,0,4,2,2,0,0,0,2,2,2,0,0,0,0,0,0
2021,11,"Portugal",1,0,0,1,0,0,0,0,0,0,0,0,0,0,0,0,0,0,0,0
2021,11,"Russia",5,0,5,0,0,56,39,6,2,4,5,6,6,6,5,5,5,2,2,2
2021,11,"Senegal",3,0,3,0,0,42,20,2,12,8,0,2,2,2,0,0,0,12,12,12
2021,11,"Solomon Islands",4,1,0,3,0,18,10,0,0,8,0,0,0,0,0,0,0,0,0,0
2021,11,"Syria",1,0,1,0,0,11,6,3,0,2,0,3,3,3,0,0,0,0,0,0
2021,11,"Taiwan",19,5,0,14,0,245,108,39,2,77,19,39,39,39,19,19,19,2,2,2
2021,11,"Tunisia",2,0,2,0,0,4,4,0,0,0,0,0,0,0,0,0,0,0,0,0
2021,11,"Uganda",2,0,0,2,0,16,8,4,4,0,0,4,4,4,0,0,0,4,4,4
2021,11,"United Kingdom",6,0,0,6,0,10,5,2,2,1,0,2,2,2,0,0,0,2,2,2
2021,11,"United States",58,8,5,44,1,665,324,194,25,93,29,194,194,194,29,29,29,25,25,25
2021,11,"Uruguay",1,0,0,1,0,0,0,0,0,0,0,0,0,0,0,0,0,0,0,0
2021,11,"Zimbabwe",1,0,0,1,0,20,14,0,0,6,0,0,0,0,0,0,0,0,0,0
2021,12,"Afghanistan",1,0,0,0,1,30,10,9,0,9,2,9,9,9,2,2,2,0,0,0
2021,12,"Algeria",1,0,1,0,0,0,0,0,0,0,0,0,0,0,0,0,0,0,0,0
2021,12,"Angola",1,0,1,0,0,0,0,0,0,0,0,0,0,0,0,0,0,0,0,0
2021,12,"Australia",13,4,1,8,0,10,2,6,0,2,0,6,6,6,0,0,0,0,0,0
2021,12,"Austria",2,0,2,0,0,0,0,0,0,0,0,0,0,0,0,0,0,0,0,0
2021,12,"Barbados",1,0,1,0,0,0,0,0,0,0,0,0,0,0,0,0,0,0,0,0
2021,12,"Belarus",1,0,1,0,0,42,11,8,4,19,0,8,8,8,0,0,0,4,4,4
2021,12,"Benin",1,1,0,0,0,6,3,0,1,1,1,0,0,0,1,1,1,1,1,1
2021,12,"Burundi",2,0,2,0,0,17,5,3,3,3,3,3,3,3,3,3,3,3,3,3
2021,12,"Cambodia",4,0,4,0,0,11,5,0,0,6,0,0,0,0,0,0,0,0,0,0
2021,12,"Cameroon",2,0,2,0,0,8,5,0,3,0,0,0,0,0,0,0,0,3,3,3
2021,12,"Canada",3,0,1,2,0,10,4,6,0,0,0,6,6,6,0,0,0,0,0,0
2021,12,"Chile",1,0,1,0,0,0,0,0,0,0,0,0,0,0,0,0,0,0,0,0
2021,12,"Croatia",1,0,1,0,0,0,0,0,0,0,0,0,0,0,0,0,0,0,0,0
2021,12,"Democratic Republic of the Congo",2,0,0,2,0,0,0,0,0,0,0,0,0,0,0,0,0,0,0,0
2021,12,"Denmark",1,0,0,1,0,0,0,0,0,0,0,0,0,0,0,0,0,0,0,0
2021,12,"France",4,1,0,3,0,10,10,0,0,0,0,0,0,0,0,0,0,0,0,0
2021,12,"Gambia",1,0,1,0,0,2,2,0,0,0,0,0,0,0,0,0,0,0,0,0
2021,12,"Germany",5,0,2,3,0,16,10,4,0,2,0,4,4,4,0,0,0,0,0,0
2021,12,"Iceland",1,0,1,0,0,0,0,0,0,0,0,0,0,0,0,0,0,0,0,0
2021,12,"India",3,0,0,3,0,12,8,2,0,2,0,2,2,2,0,0,0,0,0,0
2021,12,"Iran",2,1,1,0,0,3,2,1,0,0,0,1,1,1,0,0,0,0,0,0
2021,12,"Iraq",2,0,2,0,0,0,0,0,0,0,0,0,0,0,0,0,0,0,0,0
2021,12,"Italy",1,1,0,0,0,5,5,0,0,0,0,0,0,0,0,0,0,0,0,0
2021,12,"Jamaica",1,0,1,0,0,0,0,0,0,0,0,0,0,0,0,0,0,0,0,0
2021,12,"Japan",24,8,1,15,0,71,26,10,2,28,5,10,10,10,5,5,5,2,2,2
2021,12,"Jordan",1,0,1,0,0,0,0,0,0,0,0,0,0,0,0,0,0,0,0,0
2021,12,"Kyrgyzstan",1,0,1,0,0,0,0,0,0,0,0,0,0,0,0,0,0,0,0,0
2021,12,"Liberia",1,0,0,1,0,3,0,0,0,3,0,0,0,0,0,0,0,0,0,0
2021,12,"Lithuania",20,4,2,13,1,38,19,7,2,10,0,7,7,7,0,0,0,2,2,2
2021,12,"Mali",1,0,1,0,0,5,4,0,0,1,0,0,0,0,0,0,0,0,0,0
2021,12,"Mongolia",1,1,0,0,0,7,7,0,0,0,0,0,0,0,0,0,0,0,0,0
2021,12,"New Zealand",2,0,0,2,0,4,2,2,0,0,0,2,2,2,0,0,0,0,0,0
2021,12,"Nicaragua",7,0,3,4,0,15,8,0,2,5,0,0,0,0,0,0,0,2,2,2
2021,12,"Nigeria",2,0,2,0,0,9,3,0,0,6,0,0,0,0,0,0,0,0,0,0
2021,12,"North Korea",2,0,2,0,0,6,0,1,0,0,5,1,1,1,5,5,5,0,0,0
2021,12,"Norway",1,0,0,1,0,0,0,0,0,0,0,0,0,0,0,0,0,0,0,0
2021,12,"Philippines",1,0,1,0,0,9,5,2,0,2,0,2,2,2,0,0,0,0,0,0
2021,12,"Romania",1,0,1,0,0,0,0,0,0,0,0,0,0,0,0,0,0,0,0,0
2021,12,"Russia",21,0,17,4,0,321,172,34,37,76,2,34,34,34,2,2,2,37,37,37
2021,12,"Rwanda",1,0,1,0,0,6,3,0,0,3,0,0,0,0,0,0,0,0,0,0
2021,12,"Senegal",2,0,2,0,0,9,1,0,3,5,0,0,0,0,0,0,0,3,3,3
2021,12,"Sierra Leone",2,0,2,0,0,2,0,0,0,2,0,0,0,0,0,0,0,0,0,0
2021,12,"Singapore",1,0,1,0,0,10,4,4,2,0,0,4,4,4,0,0,0,2,2,2
2021,12,"Solomon Islands",1,0,0,1,0,4,2,0,0,2,0,0,0,0,0,0,0,0,0,0
2021,12,"South Korea",1,0,1,0,0,9,4,0,0,0,5,0,0,0,5,5,5,0,0,0
2021,12,"Spain",3,0,2,1,0,41,21,15,0,5,0,15,15,15,0,0,0,0,0,0
2021,12,"Syria",1,0,1,0,0,1,0,1,0,0,0,1,1,1,0,0,0,0,0,0
2021,12,"Taiwan",14,2,0,11,1,76,22,2,0,44,8,2,2,2,8,8,8,0,0,0
2021,12,"Tanzania",1,0,1,0,0,19,14,0,0,3,2,0,0,0,2,2,2,0,0,0
2021,12,"Tonga",1,0,1,0,0,0,0,0,0,0,0,0,0,0,0,0,0,0,0,0
2021,12,"United Kingdom",9,2,0,7,0,22,14,6,0,2,0,6,6,6,0,0,0,0,0,0
2021,12,"United States",113,16,8,89,0,444,203,150,11,69,11,150,150,150,11,11,11,11,11,11
2021,12,"Vietnam",1,1,0,0,0,2,0,0,0,2,0,0,0,0,0,0,0,0,0,0
2022,1,"Afghanistan",1,0,1,0,0,33,9,18,0,6,0,18,18,18,0,0,0,0,0,0
2022,1,"Australia",14,3,3,8,0,16,4,3,3,6,0,3,3,3,0,0,0,3,3,3
2022,1,"Austria",2,1,0,1,0,0,0,0,0,0,0,0,0,0,0,0,0,0,0,0
2022,1,"Belarus",5,0,5,0,0,85,57,0,0,12,16,0,0,0,16,16,16,0,0,0
2022,1,"Burkina Faso",1,0,1,0,0,0,0,0,0,0,0,0,0,0,0,0,0,0,0,0
2022,1,"Colombia",1,0,0,1,0,0,0,0,0,0,0,0,0,0,0,0,0,0,0,0
2022,1,"Comoros",1,0,1,0,0,28,13,0,4,11,0,0,0,0,0,0,0,4,4,4
2022,1,"Cote d'Ivoire",1,0,1,0,0,0,0,0,0,0,0,0,0,0,0,0,0,0,0,0
2022,1,"El Salvador",1,0,1,0,0,30,30,0,0,0,0,0,0,0,0,0,0,0,0,0
2022,1,"Eritrea",5,1,2,2,0,16,5,5,0,6,0,5,5,5,0,0,0,0,0,0
2022,1,"Estonia",2,0,2,0,0,21,21,0,0,0,0,0,0,0,0,0,0,0,0,0
2022,1,"Ethiopia",2,0,0,2,0,4,4,0,0,0,0,0,0,0,0,0,0,0,0,0
2022,1,"France",3,1,2,0,0,9,1,2,0,6,0,2,2,2,0,0,0,0,0,0
2022,1,"Germany",1,0,1,0,0,8,3,2,0,3,0,2,2,2,0,0,0,0,0,0
2022,1,"Greece",3,0,3,0,0,6,4,0,0,2,0,0,0,0,0,0,0,0,0,0
2022,1,"India",8,2,1,5,0,29,18,3,8,0,0,3,3,3,0,0,0,8,8,8
2022,1,"Iran",3,0,3,0,0,50,40,3,2,5,0,3,3,3,0,0,0,2,2,2
2022,1,"Iraq",2,0,0,2,0,5,2,0,0,3,0,0,0,0,0,0,0,0,0,0
2022,1,"Japan",10,3,0,7,0,24,14,4,2,4,0,4,4,4,0,0,0,2,2,2
2022,1,"Jordan",5,2,3,0,0,0,0,0,0,0,0,0,0,0,0,0,0,0,0,0
2022,1,"Kazakhstan",12,0,11,1,0,87,33,2,10,16,26,2,2,2,26,26,26,10,10,10
2022,1,"Kenya",2,0,2,0,0,21,12,0,0,9,0,0,0,0,0,0,0,0,0,0
2022,1,"Kyrgyzstan",2,0,2,0,0,44,15,0,3,6,20,0,0,0,20,20,20,3,3,3
2022,1,"Lithuania",7,1,0,6,0,46,30,4,2,8,2,4,4,4,2,2,2,2,2,2
2022,1,"Malta",1,0,1,0,0,22,14,2,0,0,6,2,2,2,6,6,6,0,0,0
2022,1,"Myanmar [Burma]",2,0,2,0,0,2,0,2,0,0,0,2,2,2,0,0,0,0,0,0
2022,1,"New Zealand",1,0,1,0,0,0,0,0,0,0,0,0,0,0,0,0,0,0,0,0
2022,1,"Nicaragua",4,0,4,0,0,0,0,0,0,0,0,0,0,0,0,0,0,0,0,0
2022,1,"Nigeria",2,0,1,0,1,0,0,0,0,0,0,0,0,0,0,0,0,0,0,0
2022,1,"North Korea",4,2,1,1,0,9,4,4,0,1,0,4,4,4,0,0,0,0,0,0
2022,1,"North Macedonia",1,0,1,0,0,0,0,0,0,0,0,0,0,0,0,0,0,0,0,0
2022,1,"Pakistan",2,0,2,0,0,4,2,0,0,0,2,0,0,0,2,2,2,0,0,0
2022,1,"Philippines",1,0,1,0,0,1,1,0,0,0,0,0,0,0,0,0,0,0,0,0
2022,1,"Poland",1,0,1,0,0,0,0,0,0,0,0,0,0,0,0,0,0,0,0,0
2022,1,"Russia",5,0,2,2,1,61,45,9,0,5,2,9,9,9,2,2,2,0,0,0
2022,1,"Saudi Arabia",1,0,0,1,0,2,2,0,0,0,0,0,0,0,0,0,0,0,0,0
2022,1,"Sri Lanka",2,0,2,0,0,37,9,2,8,12,6,2,2,2,6,6,6,8,8,8
2022,1,"Sweden",1,0,0,1,0,0,0,0,0,0,0,0,0,0,0,0,0,0,0,0
2022,1,"Syria",4,0,1,3,0,5,2,3,0,0,0,3,3,3,0,0,0,0,0,0
2022,1,"Taiwan",7,3,0,4,0,45,21,7,0,14,3,7,7,7,3,3,3,0,0,0
2022,1,"Thailand",1,0,1,0,0,0,0,0,0,0,0,0,0,0,0,0,0,0,0,0
2022,1,"Tonga",3,1,1,1,0,6,6,0,0,0,0,0,0,0,0,0,0,0,0,0
2022,1,"Turkey",1,1,0,0,0,10,10,0,0,0,0,0,0,0,0,0,0,0,0,0
2022,1,"Uganda",1,0,0,0,1,0,0,0,0,0,0,0,0,0,0,0,0,0,0,0
2022,1,"Ukraine",2,0,1,0,1,1,0,1,0,0,0,1,1,1,0,0,0,0,0,0
2022,1,"United Kingdom",8,1,0,7,0,28,24,0,2,0,2,0,0,0,2,2,2,2,2,2
2022,1,"United States",67,10,5,51,1,212,91,58,16,43,4,58,58,58,4,4,4,16,16,16
2022,1,"Yemen",4,0,0,4,0,3,3,0,0,0,0,0,0,0,0,0,0,0,0,0
2022,2,"Afghanistan",1,0,1,0,0,4,4,0,0,0,0,0,0,0,0,0,0,0,0,0
2022,2,"Argentina",6,0,6,0,0,31,15,4,6,4,2,4,4,4,2,2,2,6,6,6
2022,2,"Australia",12,3,2,7,0,10,2,2,0,6,0,2,2,2,0,0,0,0,0,0
2022,2,"Burkina Faso",2,1,1,0,0,0,0,0,0,0,0,0,0,0,0,0,0,0,0,0
2022,2,"Canada",1,1,0,0,0,3,3,0,0,0,0,0,0,0,0,0,0,0,0,0
2022,2,"Central African Republic",1,0,0,0,1,0,0,0,0,0,0,0,0,0,0,0,0,0,0,0
2022,2,"Congo",3,0,3,0,0,0,0,0,0,0,0,0,0,0,0,0,0,0,0,0
2022,2,"Cuba",1,0,1,0,0,1,0,0,0,1,0,0,0,0,0,0,0,0,0,0
2022,2,"Ecuador",2,0,2,0,0,195,131,22,8,32,2,22,22,22,2,2,2,8,8,8
2022,2,"Egypt",1,0,1,0,0,55,38,0,12,5,0,0,0,0,0,0,0,12,12,12
2022,2,"Estonia",1,0,0,1,0,0,0,0,0,0,0,0,0,0,0,0,0,0,0,0
2022,2,"Ethiopia",2,0,2,0,0,0,0,0,0,0,0,0,0,0,0,0,0,0,0,0
2022,2,"Finland",3,2,0,1,0,0,0,0,0,0,0,0,0,0,0,0,0,0,0,0
2022,2,"Germany",3,0,3,0,0,3,0,2,0,1,0,2,2,2,0,0,0,0,0,0
2022,2,"Haiti",1,0,0,1,0,0,0,0,0,0,0,0,0,0,0,0,0,0,0,0
2022,2,"India",1,0,0,1,0,0,0,0,0,0,0,0,0,0,0,0,0,0,0,0
2022,2,"Iran",3,1,2,0,0,11,7,2,0,2,0,2,2,2,0,0,0,0,0,0
2022,2,"Iraq",1,0,0,1,0,0,0,0,0,0,0,0,0,0,0,0,0,0,0,0
2022,2,"Italy",3,0,3,0,0,0,0,0,0,0,0,0,0,0,0,0,0,0,0,0
2022,2,"Japan",16,5,0,11,0,16,4,8,3,1,0,8,8,8,0,0,0,3,3,3
2022,2,"Jordan",1,0,1,0,0,0,0,0,0,0,0,0,0,0,0,0,0,0,0,0
2022,2,"Kazakhstan",3,1,2,0,0,40,26,0,0,8,6,0,0,0,6,6,6,0,0,0
2022,2,"Kyrgyzstan",2,0,2,0,0,63,42,2,7,10,2,2,2,2,2,2,2,7,7,7
2022,2,"Lithuania",3,1,0,1,1,0,0,0,0,0,0,0,0,0,0,0,0,0,0,0
2022,2,"Monaco",1,0,1,0,0,20,20,0,0,0,0,0,0,0,0,0,0,0,0,0
2022,2,"Nepal",1,0,0,1,0,0,0,0,0,0,0,0,0,0,0,0,0,0,0,0
2022,2,"North Korea",1,0,0,1,0,1,0,0,0,1,0,0,0,0,0,0,0,0,0,0
2022,2,"Pakistan",3,0,3,0,0,192,120,12,7,43,10,12,12,12,10,10,10,7,7,7
2022,2,"Papua New Guinea",2,0,2,0,0,143,85,11,9,36,2,11,11,11,2,2,2,9,9,9
2022,2,"Philippines",1,0,0,1,0,3,3,0,0,0,0,0,0,0,0,0,0,0,0,0
2022,2,"Poland",1,0,1,0,0,64,56,0,0,6,2,0,0,0,2,2,2,0,0,0
2022,2,"Portugal",1,0,1,0,0,0,0,0,0,0,0,0,0,0,0,0,0,0,0,0
2022,2,"Russia",33,1,13,18,1,546,217,116,21,184,8,116,116,116,8,8,8,21,21,21
2022,2,"Singapore",3,0,3,0,0,84,54,2,6,20,2,2,2,2,2,2,2,6,6,6
2022,2,"Solomon Islands",1,0,1,0,0,0,0,0,0,0,0,0,0,0,0,0,0,0,0,0
2022,2,"Taiwan",10,2,1,7,0,23,4,8,0,11,0,8,8,8,0,0,0,0,0,0
2022,2,"Tajikistan",2,0,2,0,0,13,7,0,2,2,2,0,0,0,2,2,2,2,2,2
2022,2,"Tunisia",4,0,4,0,0,0,0,0,0,0,0,0,0,0,0,0,0,0,0,0
2022,2,"Turkey",2,0,2,0,0,0,0,0,0,0,0,0,0,0,0,0,0,0,0,0
2022,2,"Turkmenistan",2,0,2,0,0,15,10,0,0,2,3,0,0,0,3,3,3,0,0,0
2022,2,"Ukraine",5,1,0,3,1,4,2,2,0,0,0,2,2,2,0,0,0,0,0,0
2022,2,"United Kingdom",11,1,8,2,0,11,2,2,0,7,0,2,2,2,0,0,0,0,0,0
2022,2,"United States",56,3,4,49,0,71,28,20,2,21,0,20,20,20,0,0,0,2,2,2
2022,2,"Uzbekistan",1,0,1,0,0,38,23,0,0,13,2,0,0,0,2,2,2,0,0,0
2022,2,"Vietnam",1,0,1,0,0,1,0,0,0,1,0,0,0,0,0,0,0,0,0,0
2022,3,"Afghanistan",5,0,3,2,0,99,43,29,4,22,1,29,29,29,1,1,1,4,4,4
2022,3,"Algeria",1,0,0,0,1,40,25,12,3,0,0,12,12,12,0,0,0,3,3,3
2022,3,"Argentina",1,0,1,0,0,5,5,0,0,0,0,0,0,0,0,0,0,0,0,0
2022,3,"Armenia",1,0,1,0,0,0,0,0,0,0,0,0,0,0,0,0,0,0,0,0
2022,3,"Australia",13,3,0,10,0,13,2,2,3,6,0,2,2,2,0,0,0,3,3,3
2022,3,"Belarus",1,0,0,0,1,5,5,0,0,0,0,0,0,0,0,0,0,0,0,0
2022,3,"Cambodia",3,0,3,0,0,0,0,0,0,0,0,0,0,0,0,0,0,0,0,0
2022,3,"Congo",1,0,1,0,0,0,0,0,0,0,0,0,0,0,0,0,0,0,0,0
2022,3,"Denmark",1,0,0,1,0,0,0,0,0,0,0,0,0,0,0,0,0,0,0,0
2022,3,"Egypt",1,1,0,0,0,2,2,0,0,0,0,0,0,0,0,0,0,0,0,0
2022,3,"Eritrea",1,0,0,0,1,0,0,0,0,0,0,0,0,0,0,0,0,0,0,0
2022,3,"Ethiopia",2,0,2,0,0,0,0,0,0,0,0,0,0,0,0,0,0,0,0,0
2022,3,"France",4,0,1,3,0,6,0,1,0,4,1,1,1,1,1,1,1,0,0,0
2022,3,"Germany",3,0,0,3,0,7,4,1,0,2,0,1,1,1,0,0,0,0,0,0
2022,3,"India",9,3,4,1,1,74,33,18,4,18,1,18,18,18,1,1,1,4,4,4
2022,3,"Iran",3,0,3,0,0,15,8,5,1,1,0,5,5,5,0,0,0,1,1,1
2022,3,"Israel",1,0,0,1,0,14,4,2,0,8,0,2,2,2,0,0,0,0,0,0
2022,3,"Japan",4,0,0,4,0,29,8,8,0,13,0,8,8,8,0,0,0,0,0,0
2022,3,"Kyrgyzstan",1,0,1,0,0,34,18,0,4,8,4,0,0,0,4,4,4,4,4,4
2022,3,"Lebanon",1,0,1,0,0,0,0,0,0,0,0,0,0,0,0,0,0,0,0,0
2022,3,"Libya",1,0,0,1,0,3,0,3,0,0,0,3,3,3,0,0,0,0,0,0
2022,3,"Mozambique",1,0,1,0,0,0,0,0,0,0,0,0,0,0,0,0,0,0,0,0
2022,3,"Nepal",2,0,2,0,0,79,29,26,4,19,1,26,26,26,1,1,1,4,4,4
2022,3,"Nigeria",4,1,2,1,0,0,0,0,0,0,0,0,0,0,0,0,0,0,0,0
2022,3,"North Korea",2,0,0,1,1,16,5,6,0,0,5,6,6,6,5,5,5,0,0,0
2022,3,"Pakistan",2,1,1,0,0,149,64,31,12,36,6,31,31,31,6,6,6,12,12,12
2022,3,"Portugal",2,0,2,0,0,0,0,0,0,0,0,0,0,0,0,0,0,0,0,0
2022,3,"Russia",49,2,12,34,1,124,46,42,0,30,6,42,42,42,6,6,6,0,0,0
2022,3,"Somalia",1,0,1,0,0,39,21,6,0,9,3,6,6,6,3,3,3,0,0,0
2022,3,"South Africa",1,0,1,0,0,19,10,3,3,3,0,3,3,3,0,0,0,3,3,3
2022,3,"South Korea",12,0,11,1,0,11,2,0,0,4,5,0,0,0,5,5,5,0,0,0
2022,3,"Syria",1,0,0,0,1,9,2,7,0,0,0,7,7,7,0,0,0,0,0,0
2022,3,"Taiwan",7,2,0,5,0,91,23,18,4,32,14,18,18,18,14,14,14,4,4,4
2022,3,"Turkmenistan",4,0,4,0,0,0,0,0,0,0,0,0,0,0,0,0,0,0,0,0
2022,3,"Uganda",1,0,0,1,0,0,0,0,0,0,0,0,0,0,0,0,0,0,0,0
2022,3,"Ukraine",29,0,19,10,0,234,68,101,0,44,21,101,101,101,21,21,21,0,0,0
2022,3,"United Kingdom",10,1,5,4,0,24,14,4,0,3,3,4,4,4,3,3,3,0,0,0
2022,3,"United States",59,6,1,52,0,252,79,88,12,71,2,88,88,88,2,2,2,12,12,12
2022,3,"Uzbekistan",1,0,0,1,0,0,0,0,0,0,0,0,0,0,0,0,0,0,0,0
2022,4,"Afghanistan",3,0,2,1,0,24,16,4,0,2,2,4,4,4,2,2,2,0,0,0
2022,4,"Argentina",1,0,1,0,0,2,0,2,0,0,0,2,2,2,0,0,0,0,0,0
2022,4,"Armenia",1,0,1,0,0,75,48,4,5,5,13,4,4,4,13,13,13,5,5,5
2022,4,"Australia",6,0,0,6,0,10,2,4,0,4,0,4,4,4,0,0,0,0,0,0
2022,4,"Azerbaijan",1,0,1,0,0,51,37,0,5,0,9,0,0,0,9,9,9,5,5,5
2022,4,"Fiji",1,0,0,1,0,0,0,0,0,0,0,0,0,0,0,0,0,0,0,0
2022,4,"France",2,0,2,0,0,8,2,6,0,0,0,6,6,6,0,0,0,0,0,0
2022,4,"Hungary",1,0,1,0,0,4,4,0,0,0,0,0,0,0,0,0,0,0,0,0
2022,4,"India",6,3,1,2,0,24,8,10,0,4,2,10,10,10,2,2,2,0,0,0
2022,4,"Japan",2,0,0,2,0,13,6,1,1,2,3,1,1,1,3,3,3,1,1,1
2022,4,"Libya",1,0,0,1,0,0,0,0,0,0,0,0,0,0,0,0,0,0,0,0
2022,4,"Malaysia",1,0,1,0,0,0,0,0,0,0,0,0,0,0,0,0,0,0,0,0
2022,4,"Mongolia",1,1,0,0,0,4,0,4,0,0,0,4,4,4,0,0,0,0,0,0
2022,4,"Myanmar [Burma]",1,0,1,0,0,7,4,2,0,1,0,2,2,2,0,0,0,0,0,0
2022,4,"Pakistan",3,0,1,2,0,22,10,10,0,2,0,10,10,10,0,0,0,0,0,0
2022,4,"Philippines",3,2,0,1,0,2,2,0,0,0,0,0,0,0,0,0,0,0,0,0
2022,4,"Russia",14,3,3,8,0,80,26,48,0,6,0,48,48,48,0,0,0,0,0,0
2022,4,"Rwanda",1,0,0,1,0,0,0,0,0,0,0,0,0,0,0,0,0,0,0,0
2022,4,"Solomon Islands",2,0,0,1,1,4,0,0,0,4,0,0,0,0,0,0,0,0,0,0
2022,4,"South Africa",1,0,0,1,0,8,2,6,0,0,0,6,6,6,0,0,0,0,0,0
2022,4,"Sri Lanka",5,0,1,4,0,0,0,0,0,0,0,0,0,0,0,0,0,0,0,0
2022,4,"Sweden",1,0,0,1,0,4,0,2,0,2,0,2,2,2,0,0,0,0,0,0
2022,4,"Syria",1,0,0,1,0,10,6,2,0,2,0,2,2,2,0,0,0,0,0,0
2022,4,"Taiwan",12,7,0,5,0,71,37,8,0,26,0,8,8,8,0,0,0,0,0,0
2022,4,"Thailand",2,0,2,0,0,2,0,2,0,0,0,2,2,2,0,0,0,0,0,0
2022,4,"Tunisia",4,0,4,0,0,0,0,0,0,0,0,0,0,0,0,0,0,0,0,0
2022,4,"Turkey",1,0,0,1,0,10,0,10,0,0,0,10,10,10,0,0,0,0,0,0
2022,4,"Ukraine",5,2,1,2,0,600,354,162,0,84,0,162,162,162,0,0,0,0,0,0
2022,4,"United Kingdom",7,0,0,7,0,17,6,4,0,6,1,4,4,4,1,1,1,0,0,0
2022,4,"United States",43,5,0,38,0,393,144,149,0,99,1,149,149,149,1,1,1,0,0,0
2022,4,"Vietnam",1,0,1,0,0,4,2,2,0,0,0,2,2,2,0,0,0,0,0,0
2022,5,"Argentina",1,0,1,0,0,0,0,0,0,0,0,0,0,0,0,0,0,0,0,0
2022,5,"Australia",12,1,6,5,0,12,0,10,0,2,0,10,10,10,0,0,0,0,0,0
2022,5,"Brazil",1,0,1,0,0,2,2,0,0,0,0,0,0,0,0,0,0,0,0,0
2022,5,"Canada",4,2,0,2,0,2,0,2,0,0,0,2,2,2,0,0,0,0,0,0
2022,5,"Cuba",4,1,3,0,0,0,0,0,0,0,0,0,0,0,0,0,0,0,0,0
2022,5,"Egypt",2,0,2,0,0,0,0,0,0,0,0,0,0,0,0,0,0,0,0,0
2022,5,"Ethiopia",2,0,2,0,0,0,0,0,0,0,0,0,0,0,0,0,0,0,0,0
2022,5,"Finland",1,0,1,0,0,6,6,0,0,0,0,0,0,0,0,0,0,0,0,0
2022,5,"France",6,0,5,1,0,99,47,22,0,26,4,22,22,22,4,4,4,0,0,0
2022,5,"Germany",1,0,0,1,0,0,0,0,0,0,0,0,0,0,0,0,0,0,0,0
2022,5,"Greece",2,0,0,2,0,63,34,13,8,3,5,13,13,13,5,5,5,8,8,8
2022,5,"Hungary",4,0,4,0,0,0,0,0,0,0,0,0,0,0,0,0,0,0,0,0
2022,5,"Iran",4,4,0,0,0,0,0,0,0,0,0,0,0,0,0,0,0,0,0,0
2022,5,"Israel",2,1,0,1,0,8,4,4,0,0,0,4,4,4,0,0,0,0,0,0
2022,5,"Japan",17,2,1,14,0,88,30,26,3,29,0,26,26,26,0,0,0,3,3,3
2022,5,"Jordan",1,0,1,0,0,0,0,0,0,0,0,0,0,0,0,0,0,0,0,0
2022,5,"Kazakhstan",2,0,2,0,0,0,0,0,0,0,0,0,0,0,0,0,0,0,0,0
2022,5,"Liberia",1,0,0,1,0,0,0,0,0,0,0,0,0,0,0,0,0,0,0,0
2022,5,"Libya",1,0,0,1,0,0,0,0,0,0,0,0,0,0,0,0,0,0,0,0
2022,5,"Lithuania",1,0,1,0,0,0,0,0,0,0,0,0,0,0,0,0,0,0,0,0
2022,5,"Nepal",1,0,1,0,0,0,0,0,0,0,0,0,0,0,0,0,0,0,0,0
2022,5,"North Korea",1,0,0,1,0,18,16,0,0,2,0,0,0,0,0,0,0,0,0,0
2022,5,"Norway",2,0,0,2,0,2,0,0,0,2,0,0,0,0,0,0,0,0,0,0
2022,5,"Pakistan",2,0,2,0,0,155,81,32,2,34,6,32,32,32,6,6,6,2,2,2
2022,5,"Philippines",3,0,3,0,0,2,0,2,0,0,0,2,2,2,0,0,0,0,0,0
2022,5,"Russia",2,0,0,2,0,14,6,2,0,6,0,2,2,2,0,0,0,0,0,0
2022,5,"Solomon Islands",4,0,4,0,0,12,7,2,0,3,0,2,2,2,0,0,0,0,0,0
2022,5,"Somalia",1,0,1,0,0,4,2,2,0,0,0,2,2,2,0,0,0,0,0,0
2022,5,"South Africa",1,0,1,0,0,2,2,0,0,0,0,0,0,0,0,0,0,0,0,0
2022,5,"South Korea",7,0,7,0,0,6,4,0,0,2,0,0,0,0,0,0,0,0,0,0
2022,5,"Sri Lanka",1,0,1,0,0,0,0,0,0,0,0,0,0,0,0,0,0,0,0,0
2022,5,"Switzerland",2,0,1,1,0,0,0,0,0,0,0,0,0,0,0,0,0,0,0,0
2022,5,"Taiwan",7,3,0,4,0,142,55,18,0,60,9,18,18,18,9,9,9,0,0,0
2022,5,"Tajikistan",2,0,2,0,0,22,13,0,3,6,0,0,0,0,0,0,0,3,3,3
2022,5,"Tanzania",2,0,2,0,0,0,0,0,0,0,0,0,0,0,0,0,0,0,0,0
2022,5,"Tonga",1,0,1,0,0,0,0,0,0,0,0,0,0,0,0,0,0,0,0,0
2022,5,"Ukraine",1,0,0,0,1,52,13,27,0,12,0,27,27,27,0,0,0,0,0,0
2022,5,"United States",37,4,4,29,0,233,106,73,2,51,1,73,73,73,1,1,1,2,2,2
2022,5,"Zambia",1,0,1,0,0,31,18,0,5,6,2,0,0,0,2,2,2,5,5,5
2022,6,"Afghanistan",2,0,2,0,0,28,14,6,0,8,0,6,6,6,0,0,0,0,0,0
2022,6,"Algeria",1,0,1,0,0,12,6,0,0,2,4,0,0,0,4,4,4,0,0,0
2022,6,"Australia",22,10,0,12,0,21,8,2,0,11,0,2,2,2,0,0,0,0,0,0
2022,6,"Brazil",5,0,1,4,0,48,28,9,0,11,0,9,9,9,0,0,0,0,0,0
2022,6,"Cambodia",3,0,3,0,0,12,0,4,0,8,0,4,4,4,0,0,0,0,0,0
2022,6,"Canada",9,1,0,8,0,46,22,8,0,16,0,8,8,8,0,0,0,0,0,0
2022,6,"France",1,0,1,0,0,41,11,10,0,16,4,10,10,10,4,4,4,0,0,0
2022,6,"India",5,0,0,5,0,47,35,2,0,10,0,2,2,2,0,0,0,0,0,0
2022,6,"Iran",1,0,0,1,0,60,34,22,0,4,0,22,22,22,0,0,0,0,0,0
2022,6,"Israel",1,0,0,1,0,0,0,0,0,0,0,0,0,0,0,0,0,0,0,0
2022,6,"Japan",2,0,1,1,0,25,10,0,0,15,0,0,0,0,0,0,0,0,0,0
2022,6,"Jordan",1,0,1,0,0,0,0,0,0,0,0,0,0,0,0,0,0,0,0,0
2022,6,"Kazakhstan",2,0,2,0,0,39,22,3,0,11,3,3,3,3,3,3,3,0,0,0
2022,6,"Lithuania",1,1,0,0,0,0,0,0,0,0,0,0,0,0,0,0,0,0,0,0
2022,6,"Mali",1,0,1,0,0,0,0,0,0,0,0,0,0,0,0,0,0,0,0,0
2022,6,"New Zealand",3,1,1,1,0,7,1,4,0,2,0,4,4,4,0,0,0,0,0,0
2022,6,"Nigeria",3,0,0,3,0,8,0,0,4,4,0,0,0,0,0,0,0,4,4,4
2022,6,"Pakistan",2,0,2,0,0,38,22,2,0,12,2,2,2,2,2,2,2,0,0,0
2022,6,"Philippines",2,1,1,0,0,6,2,0,0,4,0,0,0,0,0,0,0,0,0,0
2022,6,"Russia",21,2,4,15,0,108,48,28,0,32,0,28,28,28,0,0,0,0,0,0
2022,6,"Saudi Arabia",1,0,0,1,0,0,0,0,0,0,0,0,0,0,0,0,0,0,0,0
2022,6,"Slovenia",1,0,1,0,0,0,0,0,0,0,0,0,0,0,0,0,0,0,0,0
2022,6,"South Africa",4,0,0,4,0,35,25,0,0,10,0,0,0,0,0,0,0,0,0,0
2022,6,"Sri Lanka",1,0,1,0,0,8,8,0,0,0,0,0,0,0,0,0,0,0,0,0
2022,6,"Sweden",1,0,0,1,0,6,4,0,0,2,0,0,0,0,0,0,0,0,0,0
2022,6,"Syria",1,0,0,1,0,12,0,4,0,8,0,4,4,4,0,0,0,0,0,0
2022,6,"Taiwan",11,3,0,8,0,105,46,8,0,50,1,8,8,8,1,1,1,0,0,0
2022,6,"Tanzania",1,0,0,1,0,0,0,0,0,0,0,0,0,0,0,0,0,0,0,0
2022,6,"Thailand",3,1,1,1,0,2,0,0,0,2,0,0,0,0,0,0,0,0,0,0
2022,6,"Timor-Leste",1,0,0,1,0,95,31,6,24,24,10,6,6,6,10,10,10,24,24,24
2022,6,"Togo",1,0,1,0,0,0,0,0,0,0,0,0,0,0,0,0,0,0,0,0
2022,6,"Turkey",1,0,0,1,0,8,0,4,0,4,0,4,4,4,0,0,0,0,0,0
2022,6,"Uganda",1,0,1,0,0,4,4,0,0,0,0,0,0,0,0,0,0,0,0,0
2022,6,"Ukraine",6,0,1,5,0,98,14,64,0,20,0,64,64,64,0,0,0,0,0,0
2022,6,"United Arab Emirates",1,0,0,1,0,0,0,0,0,0,0,0,0,0,0,0,0,0,0,0
2022,6,"United Kingdom",4,1,1,2,0,45,23,6,0,16,0,6,6,6,0,0,0,0,0,0
2022,6,"United States",57,5,12,40,0,1396,617,440,60,267,12,440,440,440,12,12,12,60,60,60
2022,7,"Afghanistan",2,0,2,0,0,13,8,3,0,2,0,3,3,3,0,0,0,0,0,0
2022,7,"Algeria",2,0,2,0,0,0,0,0,0,0,0,0,0,0,0,0,0,0,0,0
2022,7,"Argentina",4,0,4,0,0,9,4,1,0,3,1,1,1,1,1,1,1,0,0,0
2022,7,"Australia",11,2,2,7,0,8,4,3,0,1,0,3,3,3,0,0,0,0,0,0
2022,7,"Bangladesh",2,0,2,0,0,21,12,0,0,9,0,0,0,0,0,0,0,0,0,0
2022,7,"Brazil",1,0,1,0,0,2,2,0,0,0,0,0,0,0,0,0,0,0,0,0
2022,7,"Burundi",1,0,1,0,0,0,0,0,0,0,0,0,0,0,0,0,0,0,0,0
2022,7,"Canada",1,0,0,1,0,1,1,0,0,0,0,0,0,0,0,0,0,0,0,0
2022,7,"Colombia",1,1,0,0,0,0,0,0,0,0,0,0,0,0,0,0,0,0,0,0
2022,7,"Croatia",1,0,1,0,0,0,0,0,0,0,0,0,0,0,0,0,0,0,0,0
2022,7,"Egypt",2,0,2,0,0,3,0,1,0,2,0,1,1,1,0,0,0,0,0,0
2022,7,"France",2,0,0,2,0,5,5,0,0,0,0,0,0,0,0,0,0,0,0,0
2022,7,"Germany",1,0,0,1,0,4,3,1,0,0,0,1,1,1,0,0,0,0,0,0
2022,7,"Haiti",3,1,0,2,0,1,0,0,0,1,0,0,0,0,0,0,0,0,0,0
2022,7,"India",4,0,1,2,1,13,11,2,0,0,0,2,2,2,0,0,0,0,0,0
2022,7,"Japan",18,6,1,11,0,9,4,2,0,2,1,2,2,2,1,1,1,0,0,0
2022,7,"Jordan",1,1,0,0,0,2,0,2,0,0,0,2,2,2,0,0,0,0,0,0
2022,7,"Kiribati",1,1,0,0,0,0,0,0,0,0,0,0,0,0,0,0,0,0,0,0
2022,7,"Lebanon",1,0,1,0,0,0,0,0,0,0,0,0,0,0,0,0,0,0,0,0
2022,7,"Lithuania",1,0,0,1,0,0,0,0,0,0,0,0,0,0,0,0,0,0,0,0
2022,7,"Mexico",1,0,1,0,0,0,0,0,0,0,0,0,0,0,0,0,0,0,0,0
2022,7,"Namibia",2,0,0,2,0,0,0,0,0,0,0,0,0,0,0,0,0,0,0,0
2022,7,"Netherlands",1,0,0,1,0,3,2,0,0,1,0,0,0,0,0,0,0,0,0,0
2022,7,"New Zealand",1,0,0,1,0,0,0,0,0,0,0,0,0,0,0,0,0,0,0,0
2022,7,"Norway",1,0,0,1,0,0,0,0,0,0,0,0,0,0,0,0,0,0,0,0
2022,7,"Pakistan",1,1,0,0,0,44,25,1,0,16,2,1,1,1,2,2,2,0,0,0
2022,7,"Philippines",3,0,2,1,0,1,0,1,0,0,0,1,1,1,0,0,0,0,0,0
2022,7,"Poland",3,0,3,0,0,0,0,0,0,0,0,0,0,0,0,0,0,0,0,0
2022,7,"Russia",5,2,2,1,0,10,5,5,0,0,0,5,5,5,0,0,0,0,0,0
2022,7,"Singapore",3,0,3,0,0,2,2,0,0,0,0,0,0,0,0,0,0,0,0,0
2022,7,"Solomon Islands",1,0,1,0,0,0,0,0,0,0,0,0,0,0,0,0,0,0,0,0
2022,7,"South Korea",2,0,0,2,0,2,1,1,0,0,0,1,1,1,0,0,0,0,0,0
2022,7,"Sri Lanka",6,2,4,0,0,0,0,0,0,0,0,0,0,0,0,0,0,0,0,0
2022,7,"Syria",3,0,1,2,0,0,0,0,0,0,0,0,0,0,0,0,0,0,0,0
2022,7,"Taiwan",9,3,0,6,0,75,15,12,0,48,0,12,12,12,0,0,0,0,0,0
2022,7,"Thailand",2,0,2,0,0,0,0,0,0,0,0,0,0,0,0,0,0,0,0,0
2022,7,"United Kingdom",9,0,0,9,0,8,4,4,0,0,0,4,4,4,0,0,0,0,0,0
2022,7,"United States",79,11,2,65,1,128,51,38,3,36,0,38,38,38,0,0,0,3,3,3
2022,7,"Uruguay",1,0,1,0,0,0,0,0,0,0,0,0,0,0,0,0,0,0,0,0
2022,7,"Uzbekistan",1,0,1,0,0,37,23,4,0,10,0,4,4,4,0,0,0,0,0,0
2022,7,"Vanuatu",2,0,2,0,0,0,0,0,0,0,0,0,0,0,0,0,0,0,0,0
2022,7,"Venezuela",1,0,1,0,0,0,0,0,0,0,0,0,0,0,0,0,0,0,0,0
2022,7,"Yemen",1,0,0,1,0,0,0,0,0,0,0,0,0,0,0,0,0,0,0,0
2022,7,"Zambia",2,0,2,0,0,0,0,0,0,0,0,0,0,0,0,0,0,0,0,0
2022,8,"Afghanistan",4,1,2,1,0,68,21,15,5,27,0,15,15,15,0,0,0,5,5,5
2022,8,"Algeria",2,0,2,0,0,4,2,0,2,0,0,0,0,0,0,0,0,2,2,2
2022,8,"Australia",29,3,1,25,0,28,13,4,0,11,0,4,4,4,0,0,0,0,0,0
2022,8,"Austria",2,2,0,0,0,0,0,0,0,0,0,0,0,0,0,0,0,0,0,0
2022,8,"Bangladesh",2,0,1,1,0,40,28,0,4,8,0,0,0,0,0,0,0,4,4,4
2022,8,"Cambodia",1,0,1,0,0,77,34,8,5,25,5,8,8,8,5,5,5,5,5,5
2022,8,"Canada",12,9,0,3,0,16,3,5,0,6,2,5,5,5,2,2,2,0,0,0
2022,8,"Germany",1,0,0,1,0,10,3,0,0,4,3,0,0,0,3,3,3,0,0,0
2022,8,"Guyana",1,0,1,0,0,3,0,0,0,3,0,0,0,0,0,0,0,0,0,0
2022,8,"India",11,3,0,8,0,52,23,8,4,15,2,8,8,8,2,2,2,4,4,4
2022,8,"Iran",1,0,1,0,0,39,19,16,2,2,0,16,16,16,0,0,0,2,2,2
2022,8,"Israel",2,1,0,0,1,2,2,0,0,0,0,0,0,0,0,0,0,0,0,0
2022,8,"Italy",1,1,0,0,0,12,6,3,0,3,0,3,3,3,0,0,0,0,0,0
2022,8,"Japan",23,8,5,10,0,181,89,40,2,40,10,40,40,40,10,10,10,2,2,2
2022,8,"Lithuania",10,4,1,5,0,4,2,0,0,2,0,0,0,0,0,0,0,0,0,0
2022,8,"Malaysia",1,0,0,1,0,12,2,0,0,8,2,0,0,0,2,2,2,0,0,0
2022,8,"Mongolia",2,0,1,1,0,79,44,0,6,29,0,0,0,0,0,0,0,6,6,6
2022,8,"Nepal",1,0,1,0,0,23,9,2,2,8,2,2,2,2,2,2,2,2,2,2
2022,8,"New Zealand",2,0,2,0,0,20,10,2,0,8,0,2,2,2,0,0,0,0,0,0
2022,8,"Pakistan",7,1,5,1,0,21,8,5,2,6,0,5,5,5,0,0,0,2,2,2
2022,8,"Philippines",1,0,1,0,0,13,10,3,0,0,0,3,3,3,0,0,0,0,0,0
2022,8,"Romania",1,0,1,0,0,4,4,0,0,0,0,0,0,0,0,0,0,0,0,0
2022,8,"Russia",7,0,4,3,0,148,55,33,2,58,0,33,33,33,0,0,0,2,2,2
2022,8,"Singapore",2,1,0,1,0,26,11,13,0,2,0,13,13,13,0,0,0,0,0,0
2022,8,"Solomon Islands",1,1,0,0,0,0,0,0,0,0,0,0,0,0,0,0,0,0,0,0
2022,8,"South Africa",1,1,0,0,0,36,15,0,2,19,0,0,0,0,0,0,0,2,2,2
2022,8,"South Korea",8,3,3,2,0,121,60,20,0,14,27,20,20,20,27,27,27,0,0,0
2022,8,"Sri Lanka",2,0,1,1,0,37,13,4,2,18,0,4,4,4,0,0,0,2,2,2
2022,8,"Syria",2,1,1,0,0,45,7,12,0,26,0,12,12,12,0,0,0,0,0,0
2022,8,"Taiwan",94,26,6,62,0,2265,815,246,81,814,309,246,246,246,309,309,309,81,81,81
2022,8,"Thailand",1,0,1,0,0,26,11,6,0,9,0,6,6,6,0,0,0,0,0,0
2022,8,"Tonga",1,0,1,0,0,0,0,0,0,0,0,0,0,0,0,0,0,0,0,0
2022,8,"Turkey",2,0,2,0,0,45,26,4,0,15,0,4,4,4,0,0,0,0,0,0
2022,8,"Uganda",2,0,0,2,0,4,2,2,0,0,0,2,2,2,0,0,0,0,0,0
2022,8,"Ukraine",2,1,0,1,0,65,16,31,0,18,0,31,31,31,0,0,0,0,0,0
2022,8,"United Kingdom",15,1,3,11,0,33,8,12,0,11,2,12,12,12,2,2,2,0,0,0
2022,8,"United States",229,61,19,148,1,1468,568,344,21,514,21,344,344,344,21,21,21,21,21,21
2022,8,"Venezuela",2,0,2,0,0,19,0,4,0,15,0,4,4,4,0,0,0,0,0,0
2022,8,"Vietnam",1,0,1,0,0,15,5,0,0,8,2,0,0,0,2,2,2,0,0,0
2022,8,"Zambia",2,0,2,0,0,2,0,0,0,2,0,0,0,0,0,0,0,0,0,0
2022,9,"Algeria",1,0,1,0,0,0,0,0,0,0,0,0,0,0,0,0,0,0,0,0
2022,9,"Angola",2,0,2,0,0,0,0,0,0,0,0,0,0,0,0,0,0,0,0,0
2022,9,"Australia",6,1,2,3,0,4,1,1,0,2,0,1,1,1,0,0,0,0,0,0
2022,9,"Azerbaijan",4,0,4,0,0,69,52,0,5,8,4,0,0,0,4,4,4,5,5,5
2022,9,"Cambodia",1,0,1,0,0,1,1,0,0,0,0,0,0,0,0,0,0,0,0,0
2022,9,"Congo",1,0,1,0,0,3,3,0,0,0,0,0,0,0,0,0,0,0,0,0
2022,9,"Cuba",1,0,1,0,0,23,11,0,0,12,0,0,0,0,0,0,0,0,0,0
2022,9,"Democratic Republic of the Congo",1,0,1,0,0,0,0,0,0,0,0,0,0,0,0,0,0,0,0,0
2022,9,"France",1,0,1,0,0,6,1,0,0,5,0,0,0,0,0,0,0,0,0,0
2022,9,"Germany",1,0,1,0,0,5,2,0,0,3,0,0,0,0,0,0,0,0,0,0
2022,9,"Ghana",2,0,2,0,0,0,0,0,0,0,0,0,0,0,0,0,0,0,0,0
2022,9,"India",4,1,1,2,0,22,11,6,0,5,0,6,6,6,0,0,0,0,0,0
2022,9,"Iran",10,1,4,5,0,22,14,0,0,7,1,0,0,0,1,1,1,0,0,0
2022,9,"Japan",7,0,5,2,0,10,3,4,0,3,0,4,4,4,0,0,0,0,0,0
2022,9,"Kazakhstan",24,0,24,0,0,702,431,23,44,119,85,23,23,23,85,85,85,44,44,44
2022,9,"Kyrgyzstan",4,0,3,1,0,99,72,0,0,13,14,0,0,0,14,14,14,0,0,0
2022,9,"Laos",2,0,2,0,0,9,0,0,0,9,0,0,0,0,0,0,0,0,0,0
2022,9,"Lithuania",1,0,0,1,0,0,0,0,0,0,0,0,0,0,0,0,0,0,0,0
2022,9,"Malaysia",1,1,0,0,0,1,0,1,0,0,0,1,1,1,0,0,0,0,0,0
2022,9,"Mongolia",1,0,1,0,0,124,89,2,11,21,1,2,2,2,1,1,1,11,11,11
2022,9,"Mozambique",2,0,2,0,0,0,0,0,0,0,0,0,0,0,0,0,0,0,0,0
2022,9,"Myanmar [Burma]",2,0,2,0,0,7,2,0,0,4,1,0,0,0,1,1,1,0,0,0
2022,9,"Nepal",1,0,1,0,0,35,19,4,4,8,0,4,4,4,0,0,0,4,4,4
2022,9,"New Zealand",1,0,1,0,0,0,0,0,0,0,0,0,0,0,0,0,0,0,0,0
2022,9,"Nigeria",1,0,1,0,0,0,0,0,0,0,0,0,0,0,0,0,0,0,0,0
2022,9,"North Korea",2,0,2,0,0,5,0,5,0,0,0,5,5,5,0,0,0,0,0,0
2022,9,"Pakistan",6,3,0,3,0,75,41,3,0,30,1,3,3,3,1,1,1,0,0,0
2022,9,"Philippines",3,1,1,1,0,3,1,1,0,1,0,1,1,1,0,0,0,0,0,0
2022,9,"Russia",24,0,12,12,0,148,100,4,4,40,0,4,4,4,0,0,0,4,4,4
2022,9,"Senegal",2,0,2,0,0,11,0,0,0,1,10,0,0,0,10,10,10,0,0,0
2022,9,"South Korea",4,0,4,0,0,9,2,0,0,7,0,0,0,0,0,0,0,0,0,0
2022,9,"Taiwan",12,0,0,12,0,152,38,16,4,71,23,16,16,16,23,23,23,4,4,4
2022,9,"Tajikistan",3,0,3,0,0,100,78,0,0,17,5,0,0,0,5,5,5,0,0,0
2022,9,"Thailand",1,0,1,0,0,1,1,0,0,0,0,0,0,0,0,0,0,0,0,0
2022,9,"Turkey",4,0,4,0,0,55,32,0,0,21,2,0,0,0,2,2,2,0,0,0
2022,9,"Uganda",1,0,1,0,0,0,0,0,0,0,0,0,0,0,0,0,0,0,0,0
2022,9,"Ukraine",4,0,1,3,0,18,3,11,0,4,0,11,11,11,0,0,0,0,0,0
2022,9,"United Kingdom",11,1,8,2,0,0,0,0,0,0,0,0,0,0,0,0,0,0,0,0
2022,9,"United States",42,5,1,36,0,246,105,72,18,43,8,72,72,72,8,8,8,18,18,18
2022,9,"Uzbekistan",16,0,16,0,0,850,547,5,53,164,81,5,5,5,81,81,81,53,53,53
2022,9,"Vietnam",1,0,1,0,0,4,4,0,0,0,0,0,0,0,0,0,0,0,0,0
2022,9,"Zimbabwe",1,0,1,0,0,0,0,0,0,0,0,0,0,0,0,0,0,0,0,0
2022,10,"Angola",1,0,0,1,0,0,0,0,0,0,0,0,0,0,0,0,0,0,0,0
2022,10,"Argentina",1,0,1,0,0,14,0,0,14,0,0,0,0,0,0,0,0,14,14,14
2022,10,"Australia",5,0,0,5,0,0,0,0,0,0,0,0,0,0,0,0,0,0,0,0
2022,10,"Brazil",3,0,3,0,0,0,0,0,0,0,0,0,0,0,0,0,0,0,0,0
2022,10,"Ethiopia",1,0,1,0,0,0,0,0,0,0,0,0,0,0,0,0,0,0,0,0
2022,10,"France",1,1,0,0,0,16,14,1,1,0,0,1,1,1,0,0,0,1,1,1
2022,10,"Haiti",1,0,1,0,0,8,0,0,0,8,0,0,0,0,0,0,0,0,0,0
2022,10,"India",3,0,3,0,0,1,0,1,0,0,0,1,1,1,0,0,0,0,0,0
2022,10,"Iran",2,0,1,1,0,4,0,0,0,4,0,0,0,0,0,0,0,0,0,0
2022,10,"Iraq",4,0,4,0,0,0,0,0,0,0,0,0,0,0,0,0,0,0,0,0
2022,10,"Israel",1,0,0,1,0,0,0,0,0,0,0,0,0,0,0,0,0,0,0,0
2022,10,"Japan",3,0,0,3,0,13,7,3,0,1,2,3,3,3,2,2,2,0,0,0
2022,10,"Jordan",1,0,1,0,0,0,0,0,0,0,0,0,0,0,0,0,0,0,0,0
2022,10,"Kazakhstan",1,0,1,0,0,98,33,6,0,56,3,6,6,6,3,3,3,0,0,0
2022,10,"Kenya",1,0,1,0,0,14,0,0,0,0,14,0,0,0,14,14,14,0,0,0
2022,10,"Maldives",1,0,1,0,0,7,2,1,1,2,1,1,1,1,1,1,1,1,1,1
2022,10,"Netherlands",1,1,0,0,0,0,0,0,0,0,0,0,0,0,0,0,0,0,0,0
2022,10,"North Korea",1,0,1,0,0,4,0,1,0,3,0,1,1,1,0,0,0,0,0,0
2022,10,"Pakistan",5,0,5,0,0,2,1,0,0,1,0,0,0,0,0,0,0,0,0,0
2022,10,"Philippines",4,1,3,0,0,0,0,0,0,0,0,0,0,0,0,0,0,0,0,0
2022,10,"Russia",8,1,6,1,0,3,1,0,0,2,0,0,0,0,0,0,0,0,0,0
2022,10,"South Korea",1,0,0,1,0,1,0,0,0,0,1,0,0,0,1,1,1,0,0,0
2022,10,"Switzerland",4,0,4,0,0,2,2,0,0,0,0,0,0,0,0,0,0,0,0,0
2022,10,"Taiwan",7,0,1,6,0,76,3,12,0,8,53,12,12,12,53,53,53,0,0,0
2022,10,"Turkmenistan",1,0,1,0,0,1,0,0,0,1,0,0,0,0,0,0,0,0,0,0
2022,10,"Ukraine",3,2,0,1,0,12,0,1,0,11,0,1,1,1,0,0,0,0,0,0
2022,10,"United Kingdom",7,1,4,2,0,24,6,0,0,16,2,0,0,0,2,2,2,0,0,0
2022,10,"United States",10,0,2,8,0,46,11,5,14,2,14,5,5,5,14,14,14,14,14,14
2022,10,"Venezuela",1,0,1,0,0,0,0,0,0,0,0,0,0,0,0,0,0,0,0,0
2022,10,"Vietnam",5,0,5,0,0,13,6,1,3,3,0,1,1,1,0,0,0,3,3,3
2022,10,"Zimbabwe",1,0,1,0,0,0,0,0,0,0,0,0,0,0,0,0,0,0,0,0
2022,11,"Algeria",1,0,1,0,0,0,0,0,0,0,0,0,0,0,0,0,0,0,0,0
2022,11,"Australia",6,1,3,2,0,12,11,1,0,0,0,1,1,1,0,0,0,0,0,0
2022,11,"Bangladesh",2,0,2,0,0,0,0,0,0,0,0,0,0,0,0,0,0,0,0,0
2022,11,"Brazil",1,0,1,0,0,0,0,0,0,0,0,0,0,0,0,0,0,0,0,0
2022,11,"Brunei",2,0,2,0,0,2,0,0,0,2,0,0,0,0,0,0,0,0,0,0
2022,11,"Cambodia",3,0,3,0,0,320,175,11,36,61,37,11,11,11,37,37,37,36,36,36
2022,11,"Canada",22,3,0,19,0,0,0,0,0,0,0,0,0,0,0,0,0,0,0,0
2022,11,"Cuba",3,0,3,0,0,165,95,0,9,53,8,0,0,0,8,8,8,9,9,9
2022,11,"Egypt",1,0,1,0,0,0,0,0,0,0,0,0,0,0,0,0,0,0,0,0
2022,11,"France",1,0,0,0,1,19,13,3,0,3,0,3,3,3,0,0,0,0,0,0
2022,11,"Germany",1,0,1,0,0,89,45,27,6,11,0,27,27,27,0,0,0,6,6,6
2022,11,"Israel",1,0,0,1,0,1,1,0,0,0,0,0,0,0,0,0,0,0,0,0
2022,11,"Jamaica",2,0,2,0,0,0,0,0,0,0,0,0,0,0,0,0,0,0,0,0
2022,11,"Japan",7,0,6,1,0,4,0,4,0,0,0,4,4,4,0,0,0,0,0,0
2022,11,"Kazakhstan",1,0,1,0,0,7,0,0,7,0,0,0,0,0,0,0,0,7,7,7
2022,11,"Laos",2,0,2,0,0,65,51,0,0,14,0,0,0,0,0,0,0,0,0,0
2022,11,"Libya",1,0,0,1,0,0,0,0,0,0,0,0,0,0,0,0,0,0,0,0
2022,11,"Malaysia",1,0,1,0,0,0,0,0,0,0,0,0,0,0,0,0,0,0,0,0
2022,11,"Mongolia",1,0,1,0,0,166,92,4,19,44,7,4,4,4,7,7,7,19,19,19
2022,11,"New Zealand",5,0,4,1,0,19,15,2,0,0,2,2,2,2,2,2,2,0,0,0
2022,11,"North Korea",1,0,0,1,0,11,0,11,0,0,0,11,11,11,0,0,0,0,0,0
2022,11,"Pakistan",2,0,2,0,0,225,121,27,4,69,4,27,27,27,4,4,4,4,4,4
2022,11,"Papua New Guinea",1,0,1,0,0,7,7,0,0,0,0,0,0,0,0,0,0,0,0,0
2022,11,"Philippines",5,3,2,0,0,0,0,0,0,0,0,0,0,0,0,0,0,0,0,0
2022,11,"Qatar",1,0,1,0,0,0,0,0,0,0,0,0,0,0,0,0,0,0,0,0
2022,11,"Russia",4,0,3,1,0,2,1,1,0,0,0,1,1,1,0,0,0,0,0,0
2022,11,"Singapore",1,0,1,0,0,9,0,0,9,0,0,0,0,0,0,0,0,9,9,9
2022,11,"South Korea",3,0,2,1,0,12,11,1,0,0,0,1,1,1,0,0,0,0,0,0
2022,11,"Syria",1,0,1,0,0,0,0,0,0,0,0,0,0,0,0,0,0,0,0,0
2022,11,"Taiwan",7,3,1,3,0,85,18,25,0,39,3,25,25,25,3,3,3,0,0,0
2022,11,"Turkey",2,0,1,1,0,0,0,0,0,0,0,0,0,0,0,0,0,0,0,0
2022,11,"Ukraine",5,2,0,3,0,22,0,21,0,1,0,21,21,21,0,0,0,0,0,0
2022,11,"United Kingdom",12,4,1,7,0,1,0,1,0,0,0,1,1,1,0,0,0,0,0,0
2022,11,"United States",21,7,3,11,0,144,61,51,7,25,0,51,51,51,0,0,0,7,7,7
2022,11,"Venezuela",1,0,1,0,0,0,0,0,0,0,0,0,0,0,0,0,0,0,0,0
2022,11,"Vietnam",5,0,5,0,0,5,1,0,1,1,2,0,0,0,2,2,2,1,1,1
2022,11,"Zimbabwe",1,0,1,0,0,0,0,0,0,0,0,0,0,0,0,0,0,0,0,0
2022,12,"Afghanistan",3,0,1,2,0,2,0,0,0,2,0,0,0,0,0,0,0,0,0,0
2022,12,"Australia",7,1,6,0,0,0,0,0,0,0,0,0,0,0,0,0,0,0,0,0
2022,12,"Belgium",3,0,2,1,0,0,0,0,0,0,0,0,0,0,0,0,0,0,0,0
2022,12,"Benin",1,0,1,0,0,40,31,0,0,0,9,0,0,0,9,9,9,0,0,0
2022,12,"Brazil",1,0,0,1,0,0,0,0,0,0,0,0,0,0,0,0,0,0,0,0
2022,12,"France",2,0,2,0,0,6,0,4,0,0,2,4,4,4,2,2,2,0,0,0
2022,12,"Germany",3,0,3,0,0,19,8,4,4,3,0,4,4,4,0,0,0,4,4,4
2022,12,"India",3,0,0,3,0,9,4,3,0,2,0,3,3,3,0,0,0,0,0,0
2022,12,"Italy",4,0,0,4,0,2,2,0,0,0,0,0,0,0,0,0,0,0,0,0
2022,12,"Japan",6,0,0,6,0,0,0,0,0,0,0,0,0,0,0,0,0,0,0,0
2022,12,"Nepal",3,0,3,0,0,0,0,0,0,0,0,0,0,0,0,0,0,0,0,0
2022,12,"Nigeria",2,1,0,1,0,0,0,0,0,0,0,0,0,0,0,0,0,0,0,0
2022,12,"Philippines",1,0,1,0,0,0,0,0,0,0,0,0,0,0,0,0,0,0,0,0
2022,12,"Russia",13,0,7,6,0,13,5,3,0,5,0,3,3,3,0,0,0,0,0,0
2022,12,"Saudi Arabia",2,0,2,0,0,145,112,3,8,13,9,3,3,3,9,9,9,8,8,8
2022,12,"Singapore",1,1,0,0,0,0,0,0,0,0,0,0,0,0,0,0,0,0,0,0
2022,12,"South Korea",3,0,1,2,0,0,0,0,0,0,0,0,0,0,0,0,0,0,0,0
2022,12,"Taiwan",7,0,2,5,0,60,7,14,0,31,8,14,14,14,8,8,8,0,0,0
2022,12,"Ukraine",1,0,1,0,0,31,3,22,0,6,0,22,22,22,0,0,0,0,0,0
2022,12,"United Arab Emirates",1,0,1,0,0,0,0,0,0,0,0,0,0,0,0,0,0,0,0,0
2022,12,"United Kingdom",8,0,2,6,0,0,0,0,0,0,0,0,0,0,0,0,0,0,0,0
2022,12,"United States",24,3,3,18,0,81,23,21,0,35,2,21,21,21,2,2,2,0,0,0
2022,12,"Zambia",1,0,0,1,0,0,0,0,0,0,0,0,0,0,0,0,0,0,0,0
2023,1,"Afghanistan",2,0,0,2,0,9,0,9,0,0,0,9,9,9,0,0,0,0,0,0
2023,1,"Angola",1,0,1,0,0,27,12,0,2,4,9,0,0,0,9,9,9,2,2,2
2023,1,"Antigua and Barbuda",2,0,2,0,0,0,0,0,0,0,0,0,0,0,0,0,0,0,0,0
2023,1,"Argentina",1,0,0,1,0,0,0,0,0,0,0,0,0,0,0,0,0,0,0,0
2023,1,"Australia",10,3,5,2,0,0,0,0,0,0,0,0,0,0,0,0,0,0,0,0
2023,1,"Azerbaijan",1,0,1,0,0,0,0,0,0,0,0,0,0,0,0,0,0,0,0,0
2023,1,"Benin",1,0,1,0,0,2,0,0,2,0,0,0,0,0,0,0,0,2,2,2
2023,1,"Brazil",9,0,9,0,0,10,8,0,0,2,0,0,0,0,0,0,0,0,0,0
2023,1,"Cambodia",1,0,1,0,0,0,0,0,0,0,0,0,0,0,0,0,0,0,0,0
2023,1,"Canada",1,1,0,0,0,0,0,0,0,0,0,0,0,0,0,0,0,0,0,0
2023,1,"Colombia",1,0,0,1,0,0,0,0,0,0,0,0,0,0,0,0,0,0,0,0
2023,1,"Egypt",5,0,5,0,0,12,4,1,2,5,0,1,1,1,0,0,0,2,2,2
2023,1,"Ethiopia",6,0,6,0,0,18,10,0,2,6,0,0,0,0,0,0,0,2,2,2
2023,1,"Fiji",1,0,1,0,0,0,0,0,0,0,0,0,0,0,0,0,0,0,0,0
2023,1,"Gabon",1,0,1,0,0,2,0,0,2,0,0,0,0,0,0,0,0,2,2,2
2023,1,"India",5,1,2,2,0,4,2,0,0,2,0,0,0,0,0,0,0,0,0,0
2023,1,"Israel",2,0,1,1,0,0,0,0,0,0,0,0,0,0,0,0,0,0,0,0
2023,1,"Italy",1,0,1,0,0,0,0,0,0,0,0,0,0,0,0,0,0,0,0,0
2023,1,"Japan",37,16,2,18,1,0,0,0,0,0,0,0,0,0,0,0,0,0,0,0
2023,1,"Kenya",1,0,1,0,0,2,2,0,0,0,0,0,0,0,0,0,0,0,0,0
2023,1,"Lithuania",1,0,0,1,0,0,0,0,0,0,0,0,0,0,0,0,0,0,0,0
2023,1,"Moldova",1,0,1,0,0,0,0,0,0,0,0,0,0,0,0,0,0,0,0,0
2023,1,"Myanmar [Burma]",2,0,2,0,0,0,0,0,0,0,0,0,0,0,0,0,0,0,0,0
2023,1,"Namibia",1,0,0,1,0,0,0,0,0,0,0,0,0,0,0,0,0,0,0,0
2023,1,"Nepal",2,0,1,1,0,0,0,0,0,0,0,0,0,0,0,0,0,0,0,0
2023,1,"Netherlands",1,0,1,0,0,0,0,0,0,0,0,0,0,0,0,0,0,0,0,0
2023,1,"Pakistan",2,0,0,2,0,16,14,0,0,2,0,0,0,0,0,0,0,0,0,0
2023,1,"Russia",3,0,3,0,0,13,8,0,0,2,3,0,0,0,3,3,3,0,0,0
2023,1,"Saudi Arabia",3,0,2,1,0,3,3,0,0,0,0,0,0,0,0,0,0,0,0,0
2023,1,"South Africa",1,0,1,0,0,1,0,1,0,0,0,1,1,1,0,0,0,0,0,0
2023,1,"South Korea",41,16,0,24,1,0,0,0,0,0,0,0,0,0,0,0,0,0,0,0
2023,1,"Sri Lanka",1,0,1,0,0,0,0,0,0,0,0,0,0,0,0,0,0,0,0,0
2023,1,"Sudan",1,0,1,0,0,17,7,0,0,4,6,0,0,0,6,6,6,0,0,0
2023,1,"Syria",1,0,0,1,0,2,0,0,0,2,0,0,0,0,0,0,0,0,0,0
2023,1,"Taiwan",7,2,1,4,0,14,4,9,0,1,0,9,9,9,0,0,0,0,0,0
2023,1,"Thailand",2,0,2,0,0,0,0,0,0,0,0,0,0,0,0,0,0,0,0,0
2023,1,"Uganda",1,0,1,0,0,1,0,1,0,0,0,1,1,1,0,0,0,0,0,0
2023,1,"United Kingdom",2,0,1,1,0,0,0,0,0,0,0,0,0,0,0,0,0,0,0,0
2023,1,"United States",10,0,6,4,0,13,2,9,0,2,0,9,9,9,0,0,0,0,0,0
2023,2,"Afghanistan",1,0,1,0,0,5,0,5,0,0,0,5,5,5,0,0,0,0,0,0
2023,2,"Algeria",3,0,3,0,0,0,0,0,0,0,0,0,0,0,0,0,0,0,0,0
2023,2,"Australia",3,1,1,1,0,0,0,0,0,0,0,0,0,0,0,0,0,0,0,0
2023,2,"Belarus",9,1,8,0,0,14,10,2,0,2,0,2,2,2,0,0,0,0,0,0
2023,2,"Belgium",2,0,2,0,0,21,12,9,0,0,0,9,9,9,0,0,0,0,0,0
2023,2,"Bulgaria",1,0,0,1,0,0,0,0,0,0,0,0,0,0,0,0,0,0,0,0
2023,2,"Burundi",1,0,1,0,0,0,0,0,0,0,0,0,0,0,0,0,0,0,0,0
2023,2,"Cambodia",1,0,1,0,0,228,137,20,15,48,8,20,20,20,8,8,8,15,15,15
2023,2,"Canada",3,0,1,2,0,0,0,0,0,0,0,0,0,0,0,0,0,0,0,0
2023,2,"Central African Republic",1,0,1,0,0,0,0,0,0,0,0,0,0,0,0,0,0,0,0,0
2023,2,"Germany",1,0,1,0,0,0,0,0,0,0,0,0,0,0,0,0,0,0,0,0
2023,2,"Guyana",1,0,1,0,0,0,0,0,0,0,0,0,0,0,0,0,0,0,0,0
2023,2,"India",1,0,1,0,0,0,0,0,0,0,0,0,0,0,0,0,0,0,0,0
2023,2,"Iran",11,1,10,0,0,160,101,10,0,33,16,10,10,10,16,16,16,0,0,0
2023,2,"Ireland",1,0,1,0,0,0,0,0,0,0,0,0,0,0,0,0,0,0,0,0
2023,2,"Japan",8,0,0,8,0,6,2,2,0,0,2,2,2,2,2,2,2,0,0,0
2023,2,"Pakistan",4,0,3,1,0,0,0,0,0,0,0,0,0,0,0,0,0,0,0,0
2023,2,"Philippines",5,2,0,3,0,2,0,0,0,0,2,0,0,0,2,2,2,0,0,0
2023,2,"Russia",30,0,14,16,0,8,3,2,0,3,0,2,2,2,0,0,0,0,0,0
2023,2,"Saudi Arabia",1,0,0,1,0,0,0,0,0,0,0,0,0,0,0,0,0,0,0,0
2023,2,"Singapore",2,0,2,0,0,0,0,0,0,0,0,0,0,0,0,0,0,0,0,0
2023,2,"South Africa",1,0,1,0,0,8,5,0,1,1,1,0,0,0,1,1,1,1,1,1
2023,2,"South Korea",8,3,1,4,0,0,0,0,0,0,0,0,0,0,0,0,0,0,0,0
2023,2,"Sri Lanka",2,1,0,1,0,0,0,0,0,0,0,0,0,0,0,0,0,0,0,0
2023,2,"Syria",7,0,6,1,0,7,7,0,0,0,0,0,0,0,0,0,0,0,0,0
2023,2,"Taiwan",7,2,2,3,0,14,6,2,0,6,0,2,2,2,0,0,0,0,0,0
2023,2,"Thailand",2,0,1,1,0,4,4,0,0,0,0,0,0,0,0,0,0,0,0,0
2023,2,"Tunisia",1,0,1,0,0,0,0,0,0,0,0,0,0,0,0,0,0,0,0,0
2023,2,"Turkey",4,0,4,0,0,0,0,0,0,0,0,0,0,0,0,0,0,0,0,0
2023,2,"Ukraine",12,0,5,7,0,4,1,2,0,1,0,2,2,2,0,0,0,0,0,0
2023,2,"United Kingdom",2,0,0,2,0,0,0,0,0,0,0,0,0,0,0,0,0,0,0,0
2023,2,"United States",85,18,2,65,0,18,3,8,4,3,0,8,8,8,0,0,0,4,4,4
2023,3,"Angola",2,0,2,0,0,0,0,0,0,0,0,0,0,0,0,0,0,0,0,0
2023,3,"Armenia",1,0,0,1,0,0,0,0,0,0,0,0,0,0,0,0,0,0,0,0
2023,3,"Australia",10,3,1,6,0,9,3,3,0,3,0,3,3,3,0,0,0,0,0,0
2023,3,"Azerbaijan",5,0,5,0,0,0,0,0,0,0,0,0,0,0,0,0,0,0,0,0
2023,3,"Bahrain",1,0,1,0,0,0,0,0,0,0,0,0,0,0,0,0,0,0,0,0
2023,3,"Belarus",12,1,11,0,0,306,186,26,14,66,14,26,26,26,14,14,14,14,14,14
2023,3,"Brazil",13,0,13,0,0,0,0,0,0,0,0,0,0,0,0,0,0,0,0,0
2023,3,"Cambodia",1,0,1,0,0,6,4,0,0,2,0,0,0,0,0,0,0,0,0,0
2023,3,"Canada",15,5,0,10,0,0,0,0,0,0,0,0,0,0,0,0,0,0,0,0
2023,3,"Congo",1,0,1,0,0,0,0,0,0,0,0,0,0,0,0,0,0,0,0,0
2023,3,"Cote d'Ivoire",1,0,1,0,0,23,7,0,5,5,6,0,0,0,6,6,6,5,5,5
2023,3,"Cyprus",2,0,2,0,0,0,0,0,0,0,0,0,0,0,0,0,0,0,0,0
2023,3,"Democratic Republic of the Congo",2,0,0,2,0,0,0,0,0,0,0,0,0,0,0,0,0,0,0,0
2023,3,"Denmark",1,0,0,0,1,0,0,0,0,0,0,0,0,0,0,0,0,0,0,0
2023,3,"Ethiopia",2,0,2,0,0,1,0,0,0,1,0,0,0,0,0,0,0,0,0,0
2023,3,"Germany",3,0,0,3,0,0,0,0,0,0,0,0,0,0,0,0,0,0,0,0
2023,3,"Ghana",1,0,1,0,0,0,0,0,0,0,0,0,0,0,0,0,0,0,0,0
2023,3,"Honduras",8,2,6,0,0,0,0,0,0,0,0,0,0,0,0,0,0,0,0,0
2023,3,"India",2,0,2,0,0,8,3,5,0,0,0,5,5,5,0,0,0,0,0,0
2023,3,"Iran",13,0,12,1,0,51,35,11,2,3,0,11,11,11,0,0,0,2,2,2
2023,3,"Japan",14,2,2,10,0,21,5,11,2,3,0,11,11,11,0,0,0,2,2,2
2023,3,"Kyrgyzstan",1,0,1,0,0,0,0,0,0,0,0,0,0,0,0,0,0,0,0,0
2023,3,"Laos",1,0,1,0,0,6,0,0,4,2,0,0,0,0,0,0,0,4,4,4
2023,3,"Malaysia",3,0,3,0,0,0,0,0,0,0,0,0,0,0,0,0,0,0,0,0
2023,3,"Mexico",1,0,0,1,0,0,0,0,0,0,0,0,0,0,0,0,0,0,0,0
2023,3,"Mongolia",1,0,0,1,0,6,0,0,3,3,0,0,0,0,0,0,0,3,3,3
2023,3,"Morocco",1,0,1,0,0,1,0,0,0,1,0,0,0,0,0,0,0,0,0,0
2023,3,"Myanmar [Burma]",2,1,1,0,0,0,0,0,0,0,0,0,0,0,0,0,0,0,0,0
2023,3,"Namibia",1,0,0,1,0,0,0,0,0,0,0,0,0,0,0,0,0,0,0,0
2023,3,"Nepal",4,0,4,0,0,0,0,0,0,0,0,0,0,0,0,0,0,0,0,0
2023,3,"Netherlands",1,0,0,1,0,0,0,0,0,0,0,0,0,0,0,0,0,0,0,0
2023,3,"New Zealand",1,0,1,0,0,0,0,0,0,0,0,0,0,0,0,0,0,0,0,0
2023,3,"Nicaragua",1,0,1,0,0,0,0,0,0,0,0,0,0,0,0,0,0,0,0,0
2023,3,"Nigeria",1,0,1,0,0,16,16,0,0,0,0,0,0,0,0,0,0,0,0,0
2023,3,"North Korea",1,0,1,0,0,3,0,3,0,0,0,3,3,3,0,0,0,0,0,0
2023,3,"Philippines",3,1,1,0,1,5,4,0,0,1,0,0,0,0,0,0,0,0,0,0
2023,3,"Portugal",1,0,1,0,0,0,0,0,0,0,0,0,0,0,0,0,0,0,0,0
2023,3,"Russia",80,3,57,20,0,684,315,113,45,196,15,113,113,113,15,15,15,45,45,45
2023,3,"Rwanda",1,0,1,0,0,0,0,0,0,0,0,0,0,0,0,0,0,0,0,0
2023,3,"Saudi Arabia",21,0,16,5,0,4,2,0,0,2,0,0,0,0,0,0,0,0,0,0
2023,3,"Singapore",3,0,3,0,0,7,4,3,0,0,0,3,3,3,0,0,0,0,0,0
2023,3,"South Korea",1,0,0,1,0,0,0,0,0,0,0,0,0,0,0,0,0,0,0,0
2023,3,"Spain",5,0,5,0,0,10,5,2,0,3,0,2,2,2,0,0,0,0,0,0
2023,3,"Sri Lanka",1,0,1,0,0,4,0,0,4,0,0,0,0,0,0,0,0,4,4,4
2023,3,"Switzerland",1,0,0,1,0,0,0,0,0,0,0,0,0,0,0,0,0,0,0,0
2023,3,"Taiwan",11,3,1,7,0,97,42,9,2,39,5,9,9,9,5,5,5,2,2,2
2023,3,"Tajikistan",1,0,1,0,0,0,0,0,0,0,0,0,0,0,0,0,0,0,0,0
2023,3,"Thailand",4,1,2,1,0,3,0,0,0,3,0,0,0,0,0,0,0,0,0,0
2023,3,"Ukraine",11,0,6,5,0,118,4,100,0,14,0,100,100,100,0,0,0,0,0,0
2023,3,"United Kingdom",12,3,0,9,0,4,0,0,0,4,0,0,0,0,0,0,0,0,0,0
2023,3,"United States",112,11,3,91,7,114,36,38,0,36,4,38,38,38,4,4,4,0,0,0
2023,3,"Venezuela",1,0,1,0,0,0,0,0,0,0,0,0,0,0,0,0,0,0,0,0
2023,3,"Vietnam",3,0,3,0,0,15,8,0,0,7,0,0,0,0,0,0,0,0,0,0
2023,3,"Zambia",1,0,1,0,0,0,0,0,0,0,0,0,0,0,0,0,0,0,0,0
2023,4,"Afghanistan",2,0,0,2,0,9,7,0,0,2,0,0,0,0,0,0,0,0,0,0
2023,4,"Algeria",2,0,2,0,0,0,0,0,0,0,0,0,0,0,0,0,0,0,0,0
2023,4,"Angola",1,0,1,0,0,0,0,0,0,0,0,0,0,0,0,0,0,0,0,0
2023,4,"Antigua and Barbuda",1,0,1,0,0,20,16,0,0,0,4,0,0,0,4,4,4,0,0,0
2023,4,"Australia",1,0,1,0,0,0,0,0,0,0,0,0,0,0,0,0,0,0,0,0
2023,4,"Belarus",2,0,2,0,0,0,0,0,0,0,0,0,0,0,0,0,0,0,0,0
2023,4,"Brazil",3,0,2,1,0,0,0,0,0,0,0,0,0,0,0,0,0,0,0,0
2023,4,"Colombia",1,1,0,0,0,0,0,0,0,0,0,0,0,0,0,0,0,0,0,0
2023,4,"Cuba",2,0,2,0,0,9,3,0,0,6,0,0,0,0,0,0,0,0,0,0
2023,4,"Ethiopia",2,0,2,0,0,0,0,0,0,0,0,0,0,0,0,0,0,0,0,0
2023,4,"Finland",1,0,1,0,0,0,0,0,0,0,0,0,0,0,0,0,0,0,0,0
2023,4,"France",26,1,14,11,0,345,205,73,0,40,27,73,73,73,27,27,27,0,0,0
2023,4,"Gabon",7,0,7,0,0,208,104,12,9,72,11,12,12,12,11,11,11,9,9,9
2023,4,"Germany",5,0,3,2,0,23,13,4,0,6,0,4,4,4,0,0,0,0,0,0
2023,4,"Ghana",1,0,0,1,0,0,0,0,0,0,0,0,0,0,0,0,0,0,0,0
2023,4,"Guatemala",2,1,1,0,0,3,0,0,0,3,0,0,0,0,0,0,0,0,0,0
2023,4,"Honduras",1,0,1,0,0,7,7,0,0,0,0,0,0,0,0,0,0,0,0,0
2023,4,"India",4,0,4,0,0,0,0,0,0,0,0,0,0,0,0,0,0,0,0,0
2023,4,"Iran",4,0,4,0,0,1,1,0,0,0,0,0,0,0,0,0,0,0,0,0
2023,4,"Ireland",1,1,0,0,0,0,0,0,0,0,0,0,0,0,0,0,0,0,0,0
2023,4,"Israel",2,0,0,2,0,0,0,0,0,0,0,0,0,0,0,0,0,0,0,0
2023,4,"Japan",8,0,2,6,0,90,49,14,4,22,1,14,14,14,1,1,1,4,4,4
2023,4,"Laos",2,0,2,0,0,7,4,1,0,2,0,1,1,1,0,0,0,0,0,0
2023,4,"Liberia",1,0,1,0,0,0,0,0,0,0,0,0,0,0,0,0,0,0,0,0
2023,4,"Malaysia",3,1,2,0,0,6,2,0,0,4,0,0,0,0,0,0,0,0,0,0
2023,4,"Morocco",2,0,2,0,0,0,0,0,0,0,0,0,0,0,0,0,0,0,0,0
2023,4,"Namibia",1,0,1,0,0,0,0,0,0,0,0,0,0,0,0,0,0,0,0,0
2023,4,"Netherlands",4,0,0,4,0,0,0,0,0,0,0,0,0,0,0,0,0,0,0,0
2023,4,"Nicaragua",1,0,1,0,0,18,11,0,0,7,0,0,0,0,0,0,0,0,0,0
2023,4,"Niger",1,0,1,0,0,0,0,0,0,0,0,0,0,0,0,0,0,0,0,0
2023,4,"Nigeria",1,0,0,1,0,0,0,0,0,0,0,0,0,0,0,0,0,0,0,0
2023,4,"North Korea",8,0,7,1,0,9,3,0,0,6,0,0,0,0,0,0,0,0,0,0
2023,4,"Norway",1,0,0,1,0,0,0,0,0,0,0,0,0,0,0,0,0,0,0,0
2023,4,"Pakistan",2,0,2,0,0,14,8,0,0,6,0,0,0,0,0,0,0,0,0,0
2023,4,"Philippines",6,2,2,2,0,0,0,0,0,0,0,0,0,0,0,0,0,0,0,0
2023,4,"Poland",1,0,0,1,0,0,0,0,0,0,0,0,0,0,0,0,0,0,0,0
2023,4,"Russia",26,1,13,12,0,11,8,1,0,2,0,1,1,1,0,0,0,0,0,0
2023,4,"Saudi Arabia",5,0,5,0,0,0,0,0,0,0,0,0,0,0,0,0,0,0,0,0
2023,4,"Singapore",4,1,2,1,0,6,4,0,0,2,0,0,0,0,0,0,0,0,0,0
2023,4,"Slovakia",2,0,2,0,0,74,43,10,10,0,11,10,10,10,11,11,11,10,10,10
2023,4,"South Africa",1,0,1,0,0,0,0,0,0,0,0,0,0,0,0,0,0,0,0,0
2023,4,"South Korea",3,0,2,1,0,24,15,1,2,6,0,1,1,1,0,0,0,2,2,2
2023,4,"Spain",1,0,1,0,0,34,18,6,0,10,0,6,6,6,0,0,0,0,0,0
2023,4,"Sudan",2,1,1,0,0,0,0,0,0,0,0,0,0,0,0,0,0,0,0,0
2023,4,"Syria",4,4,0,0,0,0,0,0,0,0,0,0,0,0,0,0,0,0,0,0
2023,4,"Taiwan",55,11,5,38,1,224,88,32,2,86,16,32,32,32,16,16,16,2,2,2
2023,4,"Thailand",2,0,2,0,0,0,0,0,0,0,0,0,0,0,0,0,0,0,0,0
2023,4,"Tunisia",2,0,2,0,0,0,0,0,0,0,0,0,0,0,0,0,0,0,0,0
2023,4,"Ukraine",28,0,13,15,0,59,0,59,0,0,0,59,59,59,0,0,0,0,0,0
2023,4,"United Kingdom",3,1,0,2,0,0,0,0,0,0,0,0,0,0,0,0,0,0,0,0
2023,4,"United States",95,26,6,62,1,179,88,30,0,50,11,30,30,30,11,11,11,0,0,0
2023,4,"Uzbekistan",2,0,1,1,0,50,34,0,4,12,0,0,0,0,0,0,0,4,4,4
2023,4,"Vietnam",1,0,1,0,0,0,0,0,0,0,0,0,0,0,0,0,0,0,0,0
2023,5,"Afghanistan",3,0,2,1,0,85,33,2,3,44,3,2,2,2,3,3,3,3,3,3
2023,5,"Algeria",1,0,1,0,0,0,0,0,0,0,0,0,0,0,0,0,0,0,0,0
2023,5,"Australia",9,3,2,4,0,9,6,0,0,3,0,0,0,0,0,0,0,0,0,0
2023,5,"Bangladesh",4,0,4,0,0,15,10,0,2,3,0,0,0,0,0,0,0,2,2,2
2023,5,"Burkina Faso",1,0,1,0,0,0,0,0,0,0,0,0,0,0,0,0,0,0,0,0
2023,5,"Cambodia",3,0,3,0,0,0,0,0,0,0,0,0,0,0,0,0,0,0,0,0
2023,5,"Canada",32,8,0,23,1,0,0,0,0,0,0,0,0,0,0,0,0,0,0,0
2023,5,"Congo",2,0,2,0,0,0,0,0,0,0,0,0,0,0,0,0,0,0,0,0
2023,5,"Democratic Republic of the Congo",2,0,2,0,0,122,60,12,8,42,0,12,12,12,0,0,0,8,8,8
2023,5,"Egypt",1,0,1,0,0,0,0,0,0,0,0,0,0,0,0,0,0,0,0,0
2023,5,"Eritrea",9,2,7,0,0,118,76,2,0,8,32,2,2,2,32,32,32,0,0,0
2023,5,"Ethiopia",2,0,2,0,0,39,23,0,8,8,0,0,0,0,0,0,0,8,8,8
2023,5,"France",9,0,7,2,0,4,2,0,0,2,0,0,0,0,0,0,0,0,0,0
2023,5,"Germany",11,0,8,3,0,5,4,1,0,0,0,1,1,1,0,0,0,0,0,0
2023,5,"Hungary",1,0,1,0,0,12,8,0,0,4,0,0,0,0,0,0,0,0,0,0
2023,5,"India",6,1,2,3,0,7,0,2,3,2,0,2,2,2,0,0,0,3,3,3
2023,5,"Iran",1,1,0,0,0,22,9,0,0,13,0,0,0,0,0,0,0,0,0,0
2023,5,"Israel",1,0,0,1,0,0,0,0,0,0,0,0,0,0,0,0,0,0,0,0
2023,5,"Japan",23,10,2,11,0,38,11,19,0,8,0,19,19,19,0,0,0,0,0,0
2023,5,"Kazakhstan",6,0,6,0,0,390,260,15,30,63,22,15,15,15,22,22,22,30,30,30
2023,5,"Kenya",1,0,0,1,0,0,0,0,0,0,0,0,0,0,0,0,0,0,0,0
2023,5,"Kyrgyzstan",5,0,5,0,0,259,147,18,29,54,11,18,18,18,11,11,11,29,29,29
2023,5,"Lebanon",1,0,0,1,0,0,0,0,0,0,0,0,0,0,0,0,0,0,0,0
2023,5,"Libya",4,0,0,4,0,0,0,0,0,0,0,0,0,0,0,0,0,0,0,0
2023,5,"Myanmar [Burma]",6,0,4,2,0,7,3,0,0,4,0,0,0,0,0,0,0,0,0,0
2023,5,"Nepal",2,0,2,0,0,0,0,0,0,0,0,0,0,0,0,0,0,0,0,0
2023,5,"Netherlands",3,0,0,3,0,16,10,6,0,0,0,6,6,6,0,0,0,0,0,0
2023,5,"Pakistan",6,0,6,0,0,117,60,9,8,35,5,9,9,9,5,5,5,8,8,8
2023,5,"Peru",2,1,1,0,0,0,0,0,0,0,0,0,0,0,0,0,0,0,0,0
2023,5,"Philippines",1,1,0,0,0,0,0,0,0,0,0,0,0,0,0,0,0,0,0,0
2023,5,"Poland",10,0,8,1,1,0,0,0,0,0,0,0,0,0,0,0,0,0,0,0
2023,5,"Russia",41,1,33,7,0,74,66,2,6,0,0,2,2,2,0,0,0,6,6,6
2023,5,"Saudi Arabia",3,0,3,0,0,0,0,0,0,0,0,0,0,0,0,0,0,0,0,0
2023,5,"Singapore",4,0,2,2,0,2,2,0,0,0,0,0,0,0,0,0,0,0,0,0
2023,5,"South Korea",4,1,1,2,0,2,0,2,0,0,0,2,2,2,0,0,0,0,0,0
2023,5,"Sri Lanka",2,0,2,0,0,0,0,0,0,0,0,0,0,0,0,0,0,0,0,0
2023,5,"Taiwan",9,4,3,2,0,126,41,31,0,48,6,31,31,31,6,6,6,0,0,0
2023,5,"Tajikistan",8,0,8,0,0,523,348,15,32,118,10,15,15,15,10,10,10,32,32,32
2023,5,"Turkey",2,0,2,0,0,24,14,0,0,10,0,0,0,0,0,0,0,0,0,0
2023,5,"Turkmenistan",6,0,6,0,0,144,101,0,19,15,9,0,0,0,9,9,9,19,19,19
2023,5,"Ukraine",27,0,20,7,0,11,0,11,0,0,0,11,11,11,0,0,0,0,0,0
2023,5,"United Kingdom",6,1,0,5,0,28,17,6,0,5,0,6,6,6,0,0,0,0,0,0
2023,5,"United States",67,7,21,39,0,47,16,19,2,10,0,19,19,19,0,0,0,2,2,2
2023,5,"Uzbekistan",7,0,7,0,0,381,226,14,28,89,24,14,14,14,24,24,24,28,28,28
2023,6,"Afghanistan",1,0,1,0,0,18,0,15,0,3,0,15,15,15,0,0,0,0,0,0
2023,6,"Algeria",1,0,1,0,0,0,0,0,0,0,0,0,0,0,0,0,0,0,0,0
2023,6,"Argentina",2,0,0,2,0,10,4,0,2,2,2,0,0,0,2,2,2,2,2,2
2023,6,"Australia",2,0,2,0,0,0,0,0,0,0,0,0,0,0,0,0,0,0,0,0
2023,6,"Bahrain",1,0,0,1,0,0,0,0,0,0,0,0,0,0,0,0,0,0,0,0
2023,6,"Bangladesh",1,0,1,0,0,0,0,0,0,0,0,0,0,0,0,0,0,0,0,0
2023,6,"Barbados",3,0,3,0,0,35,18,9,0,8,0,9,9,9,0,0,0,0,0,0
2023,6,"Canada",1,0,0,1,0,0,0,0,0,0,0,0,0,0,0,0,0,0,0,0
2023,6,"Cuba",2,0,1,1,0,21,19,2,0,0,0,2,2,2,0,0,0,0,0,0
2023,6,"Denmark",1,0,1,0,0,0,0,0,0,0,0,0,0,0,0,0,0,0,0,0
2023,6,"Egypt",2,0,2,0,0,3,0,0,0,1,2,0,0,0,2,2,2,0,0,0
2023,6,"France",10,0,9,1,0,0,0,0,0,0,0,0,0,0,0,0,0,0,0,0
2023,6,"Germany",17,0,11,6,0,0,0,0,0,0,0,0,0,0,0,0,0,0,0,0
2023,6,"Ghana",1,0,1,0,0,0,0,0,0,0,0,0,0,0,0,0,0,0,0,0
2023,6,"Greece",2,0,2,0,0,4,0,0,0,0,4,0,0,0,4,4,4,0,0,0
2023,6,"Honduras",18,0,18,0,0,0,0,0,0,0,0,0,0,0,0,0,0,0,0,0
2023,6,"India",6,1,0,5,0,9,6,0,0,1,2,0,0,0,2,2,2,0,0,0
2023,6,"Israel",1,0,1,0,0,4,0,4,0,0,0,4,4,4,0,0,0,0,0,0
2023,6,"Japan",2,0,0,2,0,6,3,0,0,3,0,0,0,0,0,0,0,0,0,0
2023,6,"Malaysia",1,1,0,0,0,2,2,0,0,0,0,0,0,0,0,0,0,0,0,0
2023,6,"Mali",2,1,1,0,0,0,0,0,0,0,0,0,0,0,0,0,0,0,0,0
2023,6,"Moldova",1,0,1,0,0,0,0,0,0,0,0,0,0,0,0,0,0,0,0,0
2023,6,"Myanmar [Burma]",2,0,2,0,0,0,0,0,0,0,0,0,0,0,0,0,0,0,0,0
2023,6,"New Zealand",3,0,3,0,0,34,23,0,2,5,4,0,0,0,4,4,4,2,2,2
2023,6,"North Korea",3,2,0,1,0,12,1,9,0,2,0,9,9,9,0,0,0,0,0,0
2023,6,"Pakistan",8,1,4,3,0,0,0,0,0,0,0,0,0,0,0,0,0,0,0,0
2023,6,"Papua New Guinea",1,0,0,1,0,1,0,0,0,1,0,0,0,0,0,0,0,0,0,0
2023,6,"Philippines",4,0,3,1,0,0,0,0,0,0,0,0,0,0,0,0,0,0,0,0
2023,6,"Romania",1,0,1,0,0,0,0,0,0,0,0,0,0,0,0,0,0,0,0,0
2023,6,"Russia",12,0,9,3,0,9,4,5,0,0,0,5,5,5,0,0,0,0,0,0
2023,6,"Senegal",1,0,0,0,1,0,0,0,0,0,0,0,0,0,0,0,0,0,0,0
2023,6,"Singapore",1,0,1,0,0,5,1,4,0,0,0,4,4,4,0,0,0,0,0,0
2023,6,"South Africa",3,0,3,0,0,9,6,0,0,2,1,0,0,0,1,1,1,0,0,0
2023,6,"South Korea",4,1,0,3,0,1,1,0,0,0,0,0,0,0,0,0,0,0,0,0
2023,6,"Spain",1,0,0,1,0,2,0,0,2,0,0,0,0,0,0,0,0,2,2,2
2023,6,"Sri Lanka",2,0,2,0,0,0,0,0,0,0,0,0,0,0,0,0,0,0,0,0
2023,6,"Sudan",1,0,0,1,0,5,0,0,0,5,0,0,0,0,0,0,0,0,0,0
2023,6,"Taiwan",18,6,1,11,0,88,17,28,4,36,3,28,28,28,3,3,3,4,4,4
2023,6,"Ukraine",9,1,3,3,2,18,0,13,0,5,0,13,13,13,0,0,0,0,0,0
2023,6,"United Kingdom",11,2,0,9,0,2,1,0,0,1,0,0,0,0,0,0,0,0,0,0
2023,6,"United States",63,4,9,50,0,276,125,82,8,57,4,82,82,82,4,4,4,8,8,8
2023,6,"Uzbekistan",1,0,1,0,0,0,0,0,0,0,0,0,0,0,0,0,0,0,0,0
2023,6,"Vietnam",1,0,1,0,0,3,2,0,0,1,0,0,0,0,0,0,0,0,0,0
2023,6,"Zambia",1,0,1,0,0,0,0,0,0,0,0,0,0,0,0,0,0,0,0,0
2023,6,"Zimbabwe",2,0,2,0,0,0,0,0,0,0,0,0,0,0,0,0,0,0,0,0
2023,7,"Algeria",10,0,10,0,0,243,138,34,15,42,14,34,34,34,14,14,14,15,15,15
2023,7,"Argentina",1,0,0,1,0,0,0,0,0,0,0,0,0,0,0,0,0,0,0,0
2023,7,"Australia",10,0,1,9,0,0,0,0,0,0,0,0,0,0,0,0,0,0,0,0
2023,7,"Belize",1,0,1,0,0,0,0,0,0,0,0,0,0,0,0,0,0,0,0,0
2023,7,"Brazil",2,1,0,0,1,3,0,3,0,0,0,3,3,3,0,0,0,0,0,0
2023,7,"Brunei",1,0,1,0,0,0,0,0,0,0,0,0,0,0,0,0,0,0,0,0
2023,7,"Burundi",2,0,2,0,0,64,36,6,3,19,0,6,6,6,0,0,0,3,3,3
2023,7,"Cambodia",6,0,6,0,0,0,0,0,0,0,0,0,0,0,0,0,0,0,0,0
2023,7,"Cameroon",3,0,2,0,1,0,0,0,0,0,0,0,0,0,0,0,0,0,0,0
2023,7,"Canada",2,0,0,2,0,0,0,0,0,0,0,0,0,0,0,0,0,0,0,0
2023,7,"Cuba",1,0,1,0,0,0,0,0,0,0,0,0,0,0,0,0,0,0,0,0
2023,7,"Denmark",1,0,0,1,0,0,0,0,0,0,0,0,0,0,0,0,0,0,0,0
2023,7,"Egypt",2,0,2,0,0,2,0,0,0,0,2,0,0,0,2,2,2,0,0,0
2023,7,"Ethiopia",2,0,2,0,0,0,0,0,0,0,0,0,0,0,0,0,0,0,0,0
2023,7,"Fiji",1,1,0,0,0,0,0,0,0,0,0,0,0,0,0,0,0,0,0,0
2023,7,"France",2,0,2,0,0,4,0,0,2,0,2,0,0,0,2,2,2,2,2,2
2023,7,"Germany",1,0,0,1,0,0,0,0,0,0,0,0,0,0,0,0,0,0,0,0
2023,7,"Guyana",6,0,6,0,0,15,11,0,1,2,1,0,0,0,1,1,1,1,1,1
2023,7,"India",2,0,1,1,0,28,25,3,0,0,0,3,3,3,0,0,0,0,0,0
2023,7,"Iran",1,0,0,1,0,42,30,5,3,4,0,5,5,5,0,0,0,3,3,3
2023,7,"Iraq",2,0,0,0,2,0,0,0,0,0,0,0,0,0,0,0,0,0,0,0
2023,7,"Japan",19,1,2,16,0,18,2,2,0,9,5,2,2,2,5,5,5,0,0,0
2023,7,"Kazakhstan",1,0,1,0,0,15,10,0,0,5,0,0,0,0,0,0,0,0,0,0
2023,7,"Kenya",2,0,2,0,0,0,0,0,0,0,0,0,0,0,0,0,0,0,0,0
2023,7,"Kiribati",2,0,2,0,0,0,0,0,0,0,0,0,0,0,0,0,0,0,0,0
2023,7,"Lebanon",1,0,1,0,0,3,0,3,0,0,0,3,3,3,0,0,0,0,0,0
2023,7,"Lithuania",1,0,0,1,0,0,0,0,0,0,0,0,0,0,0,0,0,0,0,0
2023,7,"Mauritania",2,0,2,0,0,70,52,3,1,12,2,3,3,3,2,2,2,1,1,1
2023,7,"Morocco",1,0,1,0,0,0,0,0,0,0,0,0,0,0,0,0,0,0,0,0
2023,7,"Myanmar [Burma]",1,0,0,1,0,0,0,0,0,0,0,0,0,0,0,0,0,0,0,0
2023,7,"Netherlands",1,0,0,1,0,0,0,0,0,0,0,0,0,0,0,0,0,0,0,0
2023,7,"Niger",1,0,1,0,0,0,0,0,0,0,0,0,0,0,0,0,0,0,0,0
2023,7,"Nigeria",2,0,2,0,0,0,0,0,0,0,0,0,0,0,0,0,0,0,0,0
2023,7,"Pakistan",3,0,3,0,0,38,24,0,0,11,3,0,0,0,3,3,3,0,0,0
2023,7,"Peru",1,0,0,1,0,0,0,0,0,0,0,0,0,0,0,0,0,0,0,0
2023,7,"Philippines",4,0,1,3,0,0,0,0,0,0,0,0,0,0,0,0,0,0,0,0
2023,7,"Russia",10,1,3,6,0,22,10,6,4,2,0,6,6,6,0,0,0,4,4,4
2023,7,"Sierra Leone",3,0,3,0,0,0,0,0,0,0,0,0,0,0,0,0,0,0,0,0
2023,7,"Singapore",5,2,3,0,0,2,0,2,0,0,0,2,2,2,0,0,0,0,0,0
2023,7,"Solomon Islands",13,1,12,0,0,42,31,0,3,7,1,0,0,0,1,1,1,3,3,3
2023,7,"South Africa",1,0,1,0,0,3,0,3,0,0,0,3,3,3,0,0,0,0,0,0
2023,7,"South Korea",2,0,0,2,0,12,11,1,0,0,0,1,1,1,0,0,0,0,0,0
2023,7,"Spain",1,0,1,0,0,0,0,0,0,0,0,0,0,0,0,0,0,0,0,0
2023,7,"Switzerland",1,0,0,0,1,0,0,0,0,0,0,0,0,0,0,0,0,0,0,0
2023,7,"Syria",2,0,0,2,0,3,0,3,0,0,0,3,3,3,0,0,0,0,0,0
2023,7,"Taiwan",22,3,5,14,0,45,7,14,2,18,4,14,14,14,4,4,4,2,2,2
2023,7,"Timor-Leste",2,0,2,0,0,0,0,0,0,0,0,0,0,0,0,0,0,0,0,0
2023,7,"Tonga",2,0,2,0,0,0,0,0,0,0,0,0,0,0,0,0,0,0,0,0
2023,7,"Turkey",2,0,2,0,0,30,19,2,4,5,0,2,2,2,0,0,0,4,4,4
2023,7,"Ukraine",2,0,1,1,0,7,0,3,0,4,0,3,3,3,0,0,0,0,0,0
2023,7,"United Kingdom",4,0,0,4,0,9,3,0,0,4,2,0,0,0,2,2,2,0,0,0
2023,7,"United States",39,5,6,28,0,39,9,17,2,11,0,17,17,17,0,0,0,2,2,2
2023,7,"Uzbekistan",6,0,6,0,0,13,5,3,3,2,0,3,3,3,0,0,0,3,3,3
2023,7,"Vanuatu",2,0,2,0,0,0,0,0,0,0,0,0,0,0,0,0,0,0,0,0
2023,7,"Vietnam",6,0,5,1,0,0,0,0,0,0,0,0,0,0,0,0,0,0,0,0
2023,7,"Zimbabwe",1,0,0,1,0,0,0,0,0,0,0,0,0,0,0,0,0,0,0,0
2023,8,"Angola",1,0,1,0,0,0,0,0,0,0,0,0,0,0,0,0,0,0,0,0
2023,8,"Australia",8,5,1,2,0,0,0,0,0,0,0,0,0,0,0,0,0,0,0,0
2023,8,"Bahrain",1,0,0,1,0,0,0,0,0,0,0,0,0,0,0,0,0,0,0,0
2023,8,"Bangladesh",5,0,5,0,0,18,14,0,0,4,0,0,0,0,0,0,0,0,0,0
2023,8,"Belarus",10,0,10,0,0,0,0,0,0,0,0,0,0,0,0,0,0,0,0,0
2023,8,"Cambodia",4,0,4,0,0,10,4,0,0,4,2,0,0,0,2,2,2,0,0,0
2023,8,"Canada",2,1,0,1,0,0,0,0,0,0,0,0,0,0,0,0,0,0,0,0
2023,8,"Congo",5,0,5,0,0,6,6,0,0,0,0,0,0,0,0,0,0,0,0,0
2023,8,"Cote d'Ivoire",1,0,1,0,0,0,0,0,0,0,0,0,0,0,0,0,0,0,0,0
2023,8,"Cuba",2,0,2,0,0,24,19,3,0,2,0,3,3,3,0,0,0,0,0,0
2023,8,"Denmark",5,0,3,2,0,0,0,0,0,0,0,0,0,0,0,0,0,0,0,0
2023,8,"Gabon",2,0,0,2,0,4,0,0,0,4,0,0,0,0,0,0,0,0,0,0
2023,8,"Guatemala",1,0,0,1,0,0,0,0,0,0,0,0,0,0,0,0,0,0,0,0
2023,8,"Hungary",2,0,2,0,0,0,0,0,0,0,0,0,0,0,0,0,0,0,0,0
2023,8,"India",9,4,4,1,0,21,21,0,0,0,0,0,0,0,0,0,0,0,0,0
2023,8,"Iran",1,0,1,0,0,64,45,4,6,9,0,4,4,4,0,0,0,6,6,6
2023,8,"Japan",77,17,1,59,0,25,6,3,0,16,0,3,3,3,0,0,0,0,0,0
2023,8,"Laos",2,0,2,0,0,46,22,4,0,20,0,4,4,4,0,0,0,0,0,0
2023,8,"Mali",1,0,1,0,0,0,0,0,0,0,0,0,0,0,0,0,0,0,0,0
2023,8,"Morocco",1,0,1,0,0,2,2,0,0,0,0,0,0,0,0,0,0,0,0,0
2023,8,"Nicaragua",1,0,1,0,0,0,0,0,0,0,0,0,0,0,0,0,0,0,0,0
2023,8,"Niger",2,0,0,2,0,0,0,0,0,0,0,0,0,0,0,0,0,0,0,0
2023,8,"Nigeria",1,0,1,0,0,26,18,2,0,6,0,2,2,2,0,0,0,0,0,0
2023,8,"Pakistan",6,0,4,2,0,0,0,0,0,0,0,0,0,0,0,0,0,0,0,0
2023,8,"Paraguay",3,0,0,3,0,11,10,1,0,0,0,1,1,1,0,0,0,0,0,0
2023,8,"Philippines",13,5,0,8,0,0,0,0,0,0,0,0,0,0,0,0,0,0,0,0
2023,8,"Poland",1,0,0,1,0,0,0,0,0,0,0,0,0,0,0,0,0,0,0,0
2023,8,"Russia",11,0,9,2,0,24,21,1,0,2,0,1,1,1,0,0,0,0,0,0
2023,8,"Saudi Arabia",4,0,3,0,1,0,0,0,0,0,0,0,0,0,0,0,0,0,0,0
2023,8,"Somalia",1,0,1,0,0,0,0,0,0,0,0,0,0,0,0,0,0,0,0,0
2023,8,"South Africa",23,0,23,0,0,1115,604,81,78,288,64,81,81,81,64,64,64,78,78,78
2023,8,"South Korea",9,0,0,9,0,8,6,0,0,0,2,0,0,0,2,2,2,0,0,0
2023,8,"Taiwan",35,6,0,29,0,116,30,10,0,71,5,10,10,10,5,5,5,0,0,0
2023,8,"Tanzania",1,0,1,0,0,40,30,0,4,3,3,0,0,0,3,3,3,4,4,4
2023,8,"Thailand",2,0,2,0,0,0,0,0,0,0,0,0,0,0,0,0,0,0,0,0
2023,8,"Ukraine",1,0,1,0,0,17,0,11,2,4,0,11,11,11,0,0,0,2,2,2
2023,8,"United Kingdom",9,2,0,7,0,24,19,0,3,2,0,0,0,0,0,0,0,3,3,3
2023,8,"United States",46,2,10,34,0,72,22,8,0,36,6,8,8,8,6,6,6,0,0,0
2023,8,"Vietnam",1,0,0,1,0,46,22,4,0,20,0,4,4,4,0,0,0,0,0,0
2023,9,"Afghanistan",7,1,6,0,0,5,0,5,0,0,0,5,5,5,0,0,0,0,0,0
2023,9,"Algeria",1,0,1,0,0,1,0,1,0,0,0,1,1,1,0,0,0,0,0,0
2023,9,"Argentina",1,0,1,0,0,14,6,0,1,5,2,0,0,0,2,2,2,1,1,1
2023,9,"Australia",9,0,6,3,0,0,0,0,0,0,0,0,0,0,0,0,0,0,0,0
2023,9,"Austria",1,0,0,1,0,0,0,0,0,0,0,0,0,0,0,0,0,0,0,0
2023,9,"Bangladesh",2,0,2,0,0,0,0,0,0,0,0,0,0,0,0,0,0,0,0,0
2023,9,"Belgium",1,1,0,0,0,0,0,0,0,0,0,0,0,0,0,0,0,0,0,0
2023,9,"Benin",6,0,6,0,0,145,92,6,4,38,5,6,6,6,5,5,5,4,4,4
2023,9,"Cambodia",6,0,6,0,0,104,67,4,4,21,8,4,4,4,8,8,8,4,4,4
2023,9,"Canada",1,0,0,1,0,0,0,0,0,0,0,0,0,0,0,0,0,0,0,0
2023,9,"Croatia",1,0,1,0,0,0,0,0,0,0,0,0,0,0,0,0,0,0,0,0
2023,9,"Egypt",2,0,2,0,0,27,12,0,1,9,5,0,0,0,5,5,5,1,1,1
2023,9,"El Salvador",1,0,1,0,0,0,0,0,0,0,0,0,0,0,0,0,0,0,0,0
2023,9,"Eritrea",1,0,1,0,0,0,0,0,0,0,0,0,0,0,0,0,0,0,0,0
2023,9,"Ethiopia",1,0,1,0,0,12,4,0,6,0,2,0,0,0,2,2,2,6,6,6
2023,9,"Fiji",1,0,1,0,0,0,0,0,0,0,0,0,0,0,0,0,0,0,0,0
2023,9,"Germany",11,3,3,5,0,5,5,0,0,0,0,0,0,0,0,0,0,0,0,0
2023,9,"Honduras",2,0,2,0,0,0,0,0,0,0,0,0,0,0,0,0,0,0,0,0
2023,9,"India",3,0,0,3,0,77,46,4,0,22,5,4,4,4,5,5,5,0,0,0
2023,9,"Iran",1,0,1,0,0,12,4,7,1,0,0,7,7,7,0,0,0,1,1,1
2023,9,"Italy",3,0,3,0,0,7,5,0,0,2,0,0,0,0,0,0,0,0,0,0
2023,9,"Japan",29,10,8,11,0,5,0,5,0,0,0,5,5,5,0,0,0,0,0,0
2023,9,"Jordan",3,0,3,0,0,0,0,0,0,0,0,0,0,0,0,0,0,0,0,0
2023,9,"Kuwait",1,0,1,0,0,52,28,0,12,12,0,0,0,0,0,0,0,12,12,12
2023,9,"Laos",2,0,1,1,0,59,32,2,5,20,0,2,2,2,0,0,0,5,5,5
2023,9,"Libya",1,0,0,1,0,0,0,0,0,0,0,0,0,0,0,0,0,0,0,0
2023,9,"Malaysia",4,1,3,0,0,28,15,4,2,4,3,4,4,4,3,3,3,2,2,2
2023,9,"Mongolia",1,0,1,0,0,20,14,4,2,0,0,4,4,4,0,0,0,2,2,2
2023,9,"Myanmar [Burma]",3,1,0,2,0,5,5,0,0,0,0,0,0,0,0,0,0,0,0,0
2023,9,"Nepal",1,0,0,1,0,324,202,28,18,66,10,28,28,28,10,10,10,18,18,18
2023,9,"Nicaragua",1,0,1,0,0,0,0,0,0,0,0,0,0,0,0,0,0,0,0,0
2023,9,"North Korea",5,0,5,0,0,7,0,5,0,2,0,5,5,5,0,0,0,0,0,0
2023,9,"Papua New Guinea",1,0,1,0,0,0,0,0,0,0,0,0,0,0,0,0,0,0,0,0
2023,9,"Philippines",10,5,0,5,0,0,0,0,0,0,0,0,0,0,0,0,0,0,0,0
2023,9,"Qatar",1,0,1,0,0,0,0,0,0,0,0,0,0,0,0,0,0,0,0,0
2023,9,"Russia",17,0,15,2,0,36,22,0,0,14,0,0,0,0,0,0,0,0,0,0
2023,9,"Saudi Arabia",3,0,3,0,0,4,4,0,0,0,0,0,0,0,0,0,0,0,0,0
2023,9,"Sierra Leone",2,0,2,0,0,11,8,0,0,3,0,0,0,0,0,0,0,0,0,0
2023,9,"Singapore",3,0,3,0,0,2,2,0,0,0,0,0,0,0,0,0,0,0,0,0
2023,9,"South Korea",4,0,4,0,0,19,15,2,0,2,0,2,2,2,0,0,0,0,0,0
2023,9,"Switzerland",2,0,0,2,0,5,5,0,0,0,0,0,0,0,0,0,0,0,0,0
2023,9,"Syria",3,0,3,0,0,127,83,12,0,28,4,12,12,12,4,4,4,0,0,0
2023,9,"Taiwan",15,1,3,11,0,36,9,13,0,14,0,13,13,13,0,0,0,0,0,0
2023,9,"Tanzania",1,0,1,0,0,1,1,0,0,0,0,0,0,0,0,0,0,0,0,0
2023,9,"Thailand",2,0,2,0,0,5,5,0,0,0,0,0,0,0,0,0,0,0,0,0
2023,9,"United Arab Emirates",1,0,1,0,0,0,0,0,0,0,0,0,0,0,0,0,0,0,0,0
2023,9,"United Kingdom",15,1,0,14,0,35,25,10,0,0,0,10,10,10,0,0,0,0,0,0
2023,9,"United States",38,6,9,23,0,24,12,12,0,0,0,12,12,12,0,0,0,0,0,0
2023,9,"Uzbekistan",1,0,1,0,0,0,0,0,0,0,0,0,0,0,0,0,0,0,0,0
2023,9,"Vanuatu",1,0,1,0,0,0,0,0,0,0,0,0,0,0,0,0,0,0,0,0
2023,9,"Venezuela",24,0,23,1,0,125,63,18,15,25,4,18,18,18,4,4,4,15,15,15
2023,9,"Vietnam",7,1,6,0,0,35,19,2,0,14,0,2,2,2,0,0,0,0,0,0
2023,9,"Zambia",2,0,2,0,0,72,39,0,0,27,6,0,0,0,6,6,6,0,0,0
2023,9,"Zimbabwe",2,0,2,0,0,27,22,0,0,5,0,0,0,0,0,0,0,0,0,0
2023,10,"Afghanistan",3,0,3,0,0,25,15,0,0,8,2,0,0,0,2,2,2,0,0,0
2023,10,"Angola",1,0,1,0,0,0,0,0,0,0,0,0,0,0,0,0,0,0,0,0
2023,10,"Argentina",3,0,3,0,0,4,4,0,0,0,0,0,0,0,0,0,0,0,0,0
2023,10,"Australia",9,5,4,0,0,0,0,0,0,0,0,0,0,0,0,0,0,0,0,0
2023,10,"Bangladesh",4,0,4,0,0,5,0,0,0,5,0,0,0,0,0,0,0,0,0,0
2023,10,"Belarus",1,0,1,0,0,6,4,0,0,2,0,0,0,0,0,0,0,0,0,0
2023,10,"Cambodia",3,0,3,0,0,111,60,4,2,41,4,4,4,4,4,4,4,2,2,2
2023,10,"Canada",6,3,0,3,0,0,0,0,0,0,0,0,0,0,0,0,0,0,0,0
2023,10,"Colombia",9,0,9,0,0,258,164,28,2,52,12,28,28,28,12,12,12,2,2,2
2023,10,"Congo",1,0,1,0,0,0,0,0,0,0,0,0,0,0,0,0,0,0,0,0
2023,10,"Democratic Republic of the Congo",2,0,0,2,0,0,0,0,0,0,0,0,0,0,0,0,0,0,0,0
2023,10,"Egypt",6,0,5,1,0,30,15,2,0,13,0,2,2,2,0,0,0,0,0,0
2023,10,"Estonia",1,0,0,1,0,0,0,0,0,0,0,0,0,0,0,0,0,0,0,0
2023,10,"Ethiopia",1,0,1,0,0,204,131,17,9,47,0,17,17,17,0,0,0,9,9,9
2023,10,"Finland",1,0,0,1,0,0,0,0,0,0,0,0,0,0,0,0,0,0,0,0
2023,10,"France",1,0,0,1,0,0,0,0,0,0,0,0,0,0,0,0,0,0,0,0
2023,10,"Germany",1,0,0,1,0,0,0,0,0,0,0,0,0,0,0,0,0,0,0,0
2023,10,"Greece",2,0,2,0,0,15,10,0,0,5,0,0,0,0,0,0,0,0,0,0
2023,10,"Haiti",1,0,1,0,0,1,0,1,0,0,0,1,1,1,0,0,0,0,0,0
2023,10,"Hungary",3,0,3,0,0,65,42,2,2,19,0,2,2,2,0,0,0,2,2,2
2023,10,"India",3,1,1,1,0,103,53,2,11,33,4,2,2,2,4,4,4,11,11,11
2023,10,"Ireland",5,0,5,0,0,0,0,0,0,0,0,0,0,0,0,0,0,0,0,0
2023,10,"Israel",4,0,1,2,1,5,0,5,0,0,0,5,5,5,0,0,0,0,0,0
2023,10,"Italy",1,0,0,1,0,10,5,0,0,5,0,0,0,0,0,0,0,0,0,0
2023,10,"Japan",19,9,2,8,0,0,0,0,0,0,0,0,0,0,0,0,0,0,0,0
2023,10,"Kazakhstan",3,0,3,0,0,87,32,2,9,38,6,2,2,2,6,6,6,9,9,9
2023,10,"Kyrgyzstan",9,0,6,3,0,75,57,0,2,16,0,0,0,0,0,0,0,2,2,2
2023,10,"Laos",2,0,2,0,0,27,16,0,0,11,0,0,0,0,0,0,0,0,0,0
2023,10,"Malaysia",1,0,0,1,0,10,10,0,0,0,0,0,0,0,0,0,0,0,0,0
2023,10,"Maldives",2,0,2,0,0,0,0,0,0,0,0,0,0,0,0,0,0,0,0,0
2023,10,"Mongolia",3,0,3,0,0,136,83,5,0,41,7,5,5,5,7,7,7,0,0,0
2023,10,"Myanmar [Burma]",3,0,1,2,0,5,0,0,0,5,0,0,0,0,0,0,0,0,0,0
2023,10,"Nepal",2,0,2,0,0,35,20,0,5,8,2,0,0,0,2,2,2,5,5,5
2023,10,"Nigeria",2,0,1,1,0,6,0,0,0,6,0,0,0,0,0,0,0,0,0,0
2023,10,"North Korea",6,4,2,0,0,0,0,0,0,0,0,0,0,0,0,0,0,0,0,0
2023,10,"Pakistan",5,0,5,0,0,89,51,5,0,31,2,5,5,5,2,2,2,0,0,0
2023,10,"Papua New Guinea",7,0,5,2,0,183,122,5,8,48,0,5,5,5,0,0,0,8,8,8
2023,10,"Philippines",11,2,1,8,0,5,0,0,0,5,0,0,0,0,0,0,0,0,0,0
2023,10,"Russia",23,0,19,4,0,41,27,3,0,11,0,3,3,3,0,0,0,0,0,0
2023,10,"Rwanda",2,0,0,2,0,0,0,0,0,0,0,0,0,0,0,0,0,0,0,0
2023,10,"Sri Lanka",2,0,2,0,0,5,0,0,0,5,0,0,0,0,0,0,0,0,0,0
2023,10,"Sweden",1,0,1,0,0,0,0,0,0,0,0,0,0,0,0,0,0,0,0,0
2023,10,"Syria",3,0,2,1,0,0,0,0,0,0,0,0,0,0,0,0,0,0,0,0
2023,10,"Taiwan",9,1,0,8,0,57,3,0,0,21,33,0,0,0,33,33,33,0,0,0
2023,10,"Tajikistan",1,0,1,0,0,30,24,0,0,6,0,0,0,0,0,0,0,0,0,0
2023,10,"Thailand",2,0,2,0,0,78,56,0,6,16,0,0,0,0,0,0,0,6,6,6
2023,10,"Turkmenistan",2,0,2,0,0,50,23,0,0,15,12,0,0,0,12,12,12,0,0,0
2023,10,"Ukraine",4,0,3,0,1,0,0,0,0,0,0,0,0,0,0,0,0,0,0,0
2023,10,"United Kingdom",4,0,0,4,0,4,0,0,0,4,0,0,0,0,0,0,0,0,0,0
2023,10,"United States",30,2,11,17,0,39,21,11,0,2,5,11,11,11,5,5,5,0,0,0
2023,10,"Uzbekistan",2,0,2,0,0,0,0,0,0,0,0,0,0,0,0,0,0,0,0,0
2023,10,"Vietnam",3,0,3,0,0,5,0,0,0,5,0,0,0,0,0,0,0,0,0,0
2023,11,"Algeria",1,0,1,0,0,0,0,0,0,0,0,0,0,0,0,0,0,0,0,0
2023,11,"Argentina",8,1,7,0,0,13,10,0,3,0,0,0,0,0,0,0,0,3,3,3
2023,11,"Australia",39,5,9,25,0,19,15,0,0,2,2,0,0,0,2,2,2,0,0,0
2023,11,"Brunei",2,0,2,0,0,0,0,0,0,0,0,0,0,0,0,0,0,0,0,0
2023,11,"Cambodia",6,0,6,0,0,2,1,0,0,1,0,0,0,0,0,0,0,0,0,0
2023,11,"Cameroon",1,0,1,0,0,0,0,0,0,0,0,0,0,0,0,0,0,0,0,0
2023,11,"Canada",7,3,0,4,0,0,0,0,0,0,0,0,0,0,0,0,0,0,0,0
2023,11,"Cote d'Ivoire",1,0,1,0,0,0,0,0,0,0,0,0,0,0,0,0,0,0,0,0
2023,11,"Egypt",2,0,1,0,1,0,0,0,0,0,0,0,0,0,0,0,0,0,0,0
2023,11,"Fiji",2,0,2,0,0,57,32,0,8,16,1,0,0,0,1,1,1,8,8,8
2023,11,"France",3,1,1,0,1,15,9,2,0,2,2,2,2,2,2,2,2,0,0,0
2023,11,"Germany",4,1,2,1,0,0,0,0,0,0,0,0,0,0,0,0,0,0,0,0
2023,11,"Greece",1,0,1,0,0,22,20,0,0,2,0,0,0,0,0,0,0,0,0,0
2023,11,"India",1,0,1,0,0,0,0,0,0,0,0,0,0,0,0,0,0,0,0,0
2023,11,"Iran",1,0,0,0,1,0,0,0,0,0,0,0,0,0,0,0,0,0,0,0
2023,11,"Israel",10,0,1,8,1,0,0,0,0,0,0,0,0,0,0,0,0,0,0,0
2023,11,"Italy",1,1,0,0,0,0,0,0,0,0,0,0,0,0,0,0,0,0,0,0
2023,11,"Japan",31,13,5,13,0,11,11,0,0,0,0,0,0,0,0,0,0,0,0,0
2023,11,"Jordan",3,0,0,0,3,0,0,0,0,0,0,0,0,0,0,0,0,0,0,0
2023,11,"Liberia",3,0,3,0,0,0,0,0,0,0,0,0,0,0,0,0,0,0,0,0
2023,11,"Malaysia",14,0,12,2,0,21,16,0,4,1,0,0,0,0,0,0,0,4,4,4
2023,11,"Maldives",1,0,1,0,0,0,0,0,0,0,0,0,0,0,0,0,0,0,0,0
2023,11,"Mexico",7,0,3,4,0,49,30,0,0,13,6,0,0,0,6,6,6,0,0,0
2023,11,"Myanmar [Burma]",16,5,2,9,0,17,7,3,0,7,0,3,3,3,0,0,0,0,0,0
2023,11,"Netherlands",1,1,0,0,0,0,0,0,0,0,0,0,0,0,0,0,0,0,0,0
2023,11,"New Zealand",2,1,1,0,0,0,0,0,0,0,0,0,0,0,0,0,0,0,0,0
2023,11,"Nicaragua",1,0,1,0,0,0,0,0,0,0,0,0,0,0,0,0,0,0,0,0
2023,11,"North Korea",2,1,0,1,0,3,0,3,0,0,0,3,3,3,0,0,0,0,0,0
2023,11,"Pakistan",2,0,1,1,0,0,0,0,0,0,0,0,0,0,0,0,0,0,0,0
2023,11,"Peru",1,0,1,0,0,41,23,6,0,6,6,6,6,6,6,6,6,0,0,0
2023,11,"Philippines",4,1,0,3,0,0,0,0,0,0,0,0,0,0,0,0,0,0,0,0
2023,11,"Russia",8,0,8,0,0,4,0,0,0,4,0,0,0,0,0,0,0,0,0,0
2023,11,"Saudi Arabia",3,0,0,1,2,0,0,0,0,0,0,0,0,0,0,0,0,0,0,0
2023,11,"Singapore",2,0,2,0,0,2,1,0,0,1,0,0,0,0,0,0,0,0,0,0
2023,11,"South Africa",2,0,2,0,0,19,11,2,2,4,0,2,2,2,0,0,0,2,2,2
2023,11,"South Korea",2,1,1,0,0,46,30,6,0,10,0,6,6,6,0,0,0,0,0,0
2023,11,"Spain",1,1,0,0,0,3,0,0,0,3,0,0,0,0,0,0,0,0,0,0
2023,11,"Suriname",2,0,2,0,0,0,0,0,0,0,0,0,0,0,0,0,0,0,0,0
2023,11,"Taiwan",4,1,1,2,0,53,23,7,2,15,6,7,7,7,6,6,6,2,2,2
2023,11,"United Arab Emirates",1,0,1,0,0,0,0,0,0,0,0,0,0,0,0,0,0,0,0,0
2023,11,"United Kingdom",3,0,0,3,0,14,10,0,0,4,0,0,0,0,0,0,0,0,0,0
2023,11,"United States",36,1,12,23,0,274,183,37,10,26,18,37,37,37,18,18,18,10,10,10
2023,11,"Uruguay",1,0,1,0,0,153,85,6,9,41,12,6,6,6,12,12,12,9,9,9
2023,11,"Uzbekistan",1,0,1,0,0,0,0,0,0,0,0,0,0,0,0,0,0,0,0,0
2023,11,"Vietnam",7,0,7,0,0,0,0,0,0,0,0,0,0,0,0,0,0,0,0,0
2023,12,"Afghanistan",1,0,1,0,0,0,0,0,0,0,0,0,0,0,0,0,0,0,0,0
2023,12,"Argentina",2,0,2,0,0,0,0,0,0,0,0,0,0,0,0,0,0,0,0,0
2023,12,"Australia",4,0,1,3,0,0,0,0,0,0,0,0,0,0,0,0,0,0,0,0
2023,12,"Azerbaijan",1,0,1,0,0,0,0,0,0,0,0,0,0,0,0,0,0,0,0,0
2023,12,"Belgium",2,0,1,1,0,0,0,0,0,0,0,0,0,0,0,0,0,0,0,0
2023,12,"Brazil",1,0,0,1,0,3,2,0,0,1,0,0,0,0,0,0,0,0,0,0
2023,12,"Cambodia",1,0,1,0,0,0,0,0,0,0,0,0,0,0,0,0,0,0,0,0
2023,12,"Canada",3,0,0,3,0,0,0,0,0,0,0,0,0,0,0,0,0,0,0,0
2023,12,"Costa Rica",3,1,0,2,0,1,1,0,0,0,0,0,0,0,0,0,0,0,0,0
2023,12,"El Salvador",1,0,1,0,0,4,2,0,0,2,0,0,0,0,0,0,0,0,0,0
2023,12,"Fiji",1,0,1,0,0,0,0,0,0,0,0,0,0,0,0,0,0,0,0,0
2023,12,"Germany",2,1,0,1,0,0,0,0,0,0,0,0,0,0,0,0,0,0,0,0
2023,12,"Ghana",1,0,1,0,0,0,0,0,0,0,0,0,0,0,0,0,0,0,0,0
2023,12,"India",2,0,1,0,1,2,0,0,0,0,2,0,0,0,2,2,2,0,0,0
2023,12,"Italy",3,0,1,2,0,0,0,0,0,0,0,0,0,0,0,0,0,0,0,0
2023,12,"Japan",13,3,2,5,3,12,8,2,0,2,0,2,2,2,0,0,0,0,0,0
2023,12,"Kenya",2,0,2,0,0,14,2,2,0,6,4,2,2,2,4,4,4,0,0,0
2023,12,"Kuwait",6,0,6,0,0,19,19,0,0,0,0,0,0,0,0,0,0,0,0,0
2023,12,"Lithuania",1,0,0,1,0,0,0,0,0,0,0,0,0,0,0,0,0,0,0,0
2023,12,"Madagascar",1,0,1,0,0,30,30,0,0,0,0,0,0,0,0,0,0,0,0,0
2023,12,"Malaysia",1,0,1,0,0,0,0,0,0,0,0,0,0,0,0,0,0,0,0,0
2023,12,"Mongolia",1,0,0,1,0,0,0,0,0,0,0,0,0,0,0,0,0,0,0,0
2023,12,"Myanmar [Burma]",9,2,5,2,0,8,6,0,2,0,0,0,0,0,0,0,0,2,2,2
2023,12,"Nicaragua",2,0,2,0,0,202,132,7,7,49,7,7,7,7,7,7,7,7,7,7
2023,12,"North Korea",2,0,1,1,0,4,4,0,0,0,0,0,0,0,0,0,0,0,0,0
2023,12,"Pakistan",3,0,2,0,1,0,0,0,0,0,0,0,0,0,0,0,0,0,0,0
2023,12,"Philippines",27,10,1,16,0,1,0,1,0,0,0,1,1,1,0,0,0,0,0,0
2023,12,"Portugal",1,0,1,0,0,0,0,0,0,0,0,0,0,0,0,0,0,0,0,0
2023,12,"Russia",14,1,13,0,0,120,86,12,12,4,6,12,12,12,6,6,6,12,12,12
2023,12,"Singapore",4,0,4,0,0,0,0,0,0,0,0,0,0,0,0,0,0,0,0,0
2023,12,"South Korea",1,1,0,0,0,0,0,0,0,0,0,0,0,0,0,0,0,0,0,0
2023,12,"Syria",1,0,0,1,0,0,0,0,0,0,0,0,0,0,0,0,0,0,0,0
2023,12,"Taiwan",26,3,2,21,0,15,0,2,0,13,0,2,2,2,0,0,0,0,0,0
2023,12,"Tanzania",3,0,3,0,0,0,0,0,0,0,0,0,0,0,0,0,0,0,0,0
2023,12,"Thailand",2,0,2,0,0,8,6,0,2,0,0,0,0,0,0,0,0,2,2,2
2023,12,"Tunisia",1,0,1,0,0,0,0,0,0,0,0,0,0,0,0,0,0,0,0,0
2023,12,"United Arab Emirates",1,0,1,0,0,0,0,0,0,0,0,0,0,0,0,0,0,0,0,0
2023,12,"United Kingdom",15,2,0,13,0,0,0,0,0,0,0,0,0,0,0,0,0,0,0,0
2023,12,"United States",26,2,5,18,1,54,21,0,0,29,4,0,0,0,4,4,4,0,0,0
2023,12,"Vietnam",16,0,16,0,0,201,68,28,7,71,27,28,28,28,27,27,27,7,7,7
2024,1,"Afghanistan",2,0,2,0,0,19,13,3,0,3,0,3,3,3,0,0,0,0,0,0
2024,1,"Antigua and Barbuda",3,0,3,0,0,35,28,0,0,7,0,0,0,0,0,0,0,0,0,0
2024,1,"Argentina",1,0,1,0,0,0,0,0,0,0,0,0,0,0,0,0,0,0,0,0
2024,1,"Australia",9,0,0,9,0,0,0,0,0,0,0,0,0,0,0,0,0,0,0,0
2024,1,"Bangladesh",5,0,5,0,0,25,16,5,0,4,0,5,5,5,0,0,0,0,0,0
2024,1,"Belgium",4,0,4,0,0,19,16,0,0,0,3,0,0,0,3,3,3,0,0,0
2024,1,"Brazil",1,0,1,0,0,80,34,0,4,37,5,0,0,0,5,5,5,4,4,4
2024,1,"Cambodia",2,1,1,0,0,0,0,0,0,0,0,0,0,0,0,0,0,0,0,0
2024,1,"Canada",4,0,0,4,0,0,0,0,0,0,0,0,0,0,0,0,0,0,0,0
2024,1,"Colombia",1,0,0,1,0,0,0,0,0,0,0,0,0,0,0,0,0,0,0,0
2024,1,"Comoros",2,0,2,0,0,12,12,0,0,0,0,0,0,0,0,0,0,0,0,0
2024,1,"Democratic Republic of the Congo",7,0,7,0,0,0,0,0,0,0,0,0,0,0,0,0,0,0,0,0
2024,1,"Denmark",3,0,3,0,0,0,0,0,0,0,0,0,0,0,0,0,0,0,0,0
2024,1,"Ecuador",4,1,1,1,1,0,0,0,0,0,0,0,0,0,0,0,0,0,0,0
2024,1,"Egypt",2,1,1,0,0,55,16,16,7,16,0,16,16,16,0,0,0,7,7,7
2024,1,"Ethiopia",1,0,1,0,0,0,0,0,0,0,0,0,0,0,0,0,0,0,0,0
2024,1,"Finland",3,0,2,1,0,0,0,0,0,0,0,0,0,0,0,0,0,0,0,0
2024,1,"France",1,1,0,0,0,14,2,2,2,8,0,2,2,2,0,0,0,2,2,2
2024,1,"Germany",1,1,0,0,0,0,0,0,0,0,0,0,0,0,0,0,0,0,0,0
2024,1,"India",2,0,2,0,0,0,0,0,0,0,0,0,0,0,0,0,0,0,0,0
2024,1,"Iran",17,1,7,9,0,0,0,0,0,0,0,0,0,0,0,0,0,0,0,0
2024,1,"Ireland",6,0,5,1,0,2,0,0,2,0,0,0,0,0,0,0,0,2,2,2
2024,1,"Israel",3,0,1,2,0,7,2,4,1,0,0,4,4,4,0,0,0,1,1,1
2024,1,"Italy",1,1,0,0,0,5,1,0,2,2,0,0,0,0,0,0,0,2,2,2
2024,1,"Japan",6,3,0,3,0,10,9,0,0,1,0,0,0,0,0,0,0,0,0,0
2024,1,"Lebanon",2,0,2,0,0,1,0,0,1,0,0,0,0,0,0,0,0,1,1,1
2024,1,"Malaysia",1,1,0,0,0,0,0,0,0,0,0,0,0,0,0,0,0,0,0,0
2024,1,"Maldives",13,0,11,2,0,112,74,0,4,33,1,0,0,0,1,1,1,4,4,4
2024,1,"Myanmar [Burma]",7,0,1,6,0,0,0,0,0,0,0,0,0,0,0,0,0,0,0,0
2024,1,"Nauru",10,0,9,1,0,21,17,0,0,3,1,0,0,0,1,1,1,0,0,0
2024,1,"Netherlands",1,1,0,0,0,0,0,0,0,0,0,0,0,0,0,0,0,0,0,0
2024,1,"North Korea",1,0,1,0,0,6,4,2,0,0,0,2,2,2,0,0,0,0,0,0
2024,1,"Pakistan",14,1,7,6,0,0,0,0,0,0,0,0,0,0,0,0,0,0,0,0
2024,1,"Papua New Guinea",1,0,0,1,0,0,0,0,0,0,0,0,0,0,0,0,0,0,0,0
2024,1,"Philippines",6,0,0,6,0,13,7,2,0,4,0,2,2,2,0,0,0,0,0,0
2024,1,"Russia",4,0,4,0,0,11,4,1,0,6,0,1,1,1,0,0,0,0,0,0
2024,1,"Saudi Arabia",1,0,1,0,0,0,0,0,0,0,0,0,0,0,0,0,0,0,0,0
2024,1,"Somalia",2,0,1,1,0,0,0,0,0,0,0,0,0,0,0,0,0,0,0,0
2024,1,"Spain",1,1,0,0,0,0,0,0,0,0,0,0,0,0,0,0,0,0,0,0
2024,1,"Switzerland",4,0,3,1,0,2,0,0,2,0,0,0,0,0,0,0,0,2,2,2
2024,1,"Syria",2,0,0,2,0,0,0,0,0,0,0,0,0,0,0,0,0,0,0,0
2024,1,"Taiwan",28,3,3,22,0,161,53,22,4,60,22,22,22,22,22,22,22,4,4,4
2024,1,"Tanzania",1,0,1,0,0,0,0,0,0,0,0,0,0,0,0,0,0,0,0,0
2024,1,"Thailand",6,0,6,0,0,0,0,0,0,0,0,0,0,0,0,0,0,0,0,0
2024,1,"Togo",1,0,1,0,0,14,9,0,3,2,0,0,0,0,0,0,0,3,3,3
2024,1,"Tunisia",4,1,3,0,0,47,22,12,0,11,2,12,12,12,2,2,2,0,0,0
2024,1,"Uganda",5,0,5,0,0,13,8,2,0,0,3,2,2,2,3,3,3,0,0,0
2024,1,"Ukraine",3,0,1,2,0,5,4,1,0,0,0,1,1,1,0,0,0,0,0,0
2024,1,"United States",53,8,5,39,1,204,78,70,4,33,19,70,70,70,19,19,19,4,4,4
2024,1,"Uzbekistan",8,0,6,2,0,406,278,13,12,87,16,13,13,13,16,16,16,12,12,12
2024,1,"Yemen",3,0,0,3,0,1,0,1,0,0,0,1,1,1,0,0,0,0,0,0
2024,1,"Zimbabwe",2,0,2,0,0,0,0,0,0,0,0,0,0,0,0,0,0,0,0,0
2024,2,"Angola",1,0,1,0,0,0,0,0,0,0,0,0,0,0,0,0,0,0,0,0
2024,2,"Australia",28,11,3,14,0,0,0,0,0,0,0,0,0,0,0,0,0,0,0,0
2024,2,"Azerbaijan",2,0,2,0,0,0,0,0,0,0,0,0,0,0,0,0,0,0,0,0
2024,2,"Belarus",1,0,1,0,0,25,19,0,0,0,6,0,0,0,6,6,6,0,0,0
2024,2,"Brunei",1,0,1,0,0,0,0,0,0,0,0,0,0,0,0,0,0,0,0,0
2024,2,"Cambodia",2,0,2,0,0,0,0,0,0,0,0,0,0,0,0,0,0,0,0,0
2024,2,"Chile",8,0,8,0,0,0,0,0,0,0,0,0,0,0,0,0,0,0,0,0
2024,2,"Congo",1,0,1,0,0,8,2,0,0,3,3,0,0,0,3,3,3,0,0,0
2024,2,"Cyprus",2,0,2,0,0,0,0,0,0,0,0,0,0,0,0,0,0,0,0,0
2024,2,"El Salvador",1,0,1,0,0,0,0,0,0,0,0,0,0,0,0,0,0,0,0,0
2024,2,"Fiji",1,0,1,0,0,12,4,0,2,2,4,0,0,0,4,4,4,2,2,2
2024,2,"France",6,0,6,0,0,149,49,50,5,25,20,50,50,50,20,20,20,5,5,5
2024,2,"Germany",2,0,2,0,0,7,2,5,0,0,0,5,5,5,0,0,0,0,0,0
2024,2,"Hungary",4,0,4,0,0,10,7,0,0,2,1,0,0,0,1,1,1,0,0,0
2024,2,"Israel",6,1,1,4,0,0,0,0,0,0,0,0,0,0,0,0,0,0,0,0
2024,2,"Japan",8,2,2,4,0,0,0,0,0,0,0,0,0,0,0,0,0,0,0,0
2024,2,"Kazakhstan",1,0,1,0,0,0,0,0,0,0,0,0,0,0,0,0,0,0,0,0
2024,2,"Liberia",2,0,0,2,0,0,0,0,0,0,0,0,0,0,0,0,0,0,0,0
2024,2,"Malaysia",1,0,1,0,0,0,0,0,0,0,0,0,0,0,0,0,0,0,0,0
2024,2,"Mali",1,0,1,0,0,0,0,0,0,0,0,0,0,0,0,0,0,0,0,0
2024,2,"Monaco",1,0,1,0,0,0,0,0,0,0,0,0,0,0,0,0,0,0,0,0
2024,2,"Namibia",7,0,7,0,0,17,13,0,0,4,0,0,0,0,0,0,0,0,0,0
2024,2,"Netherlands",3,2,0,1,0,0,0,0,0,0,0,0,0,0,0,0,0,0,0,0
2024,2,"New Zealand",1,0,1,0,0,0,0,0,0,0,0,0,0,0,0,0,0,0,0,0
2024,2,"Norway",2,0,2,0,0,19,14,4,0,0,1,4,4,4,1,1,1,0,0,0
2024,2,"Philippines",11,3,1,7,0,0,0,0,0,0,0,0,0,0,0,0,0,0,0,0
2024,2,"Portugal",2,0,2,0,0,0,0,0,0,0,0,0,0,0,0,0,0,0,0,0
2024,2,"Qatar",1,0,1,0,0,0,0,0,0,0,0,0,0,0,0,0,0,0,0,0
2024,2,"Russia",6,1,4,1,0,0,0,0,0,0,0,0,0,0,0,0,0,0,0,0
2024,2,"Sierra Leone",11,0,9,1,1,163,98,4,6,44,11,4,4,4,11,11,11,6,6,6
2024,2,"Singapore",1,0,1,0,0,0,0,0,0,0,0,0,0,0,0,0,0,0,0,0
2024,2,"South Korea",1,0,1,0,0,0,0,0,0,0,0,0,0,0,0,0,0,0,0,0
2024,2,"Spain",6,0,6,0,0,198,71,57,5,40,25,57,57,57,25,25,25,5,5,5
2024,2,"Taiwan",33,15,4,14,0,9,0,2,0,7,0,2,2,2,0,0,0,0,0,0
2024,2,"Thailand",3,0,2,1,0,2,0,0,0,2,0,0,0,0,0,0,0,0,0,0
2024,2,"Turkmenistan",1,0,1,0,0,11,5,4,0,0,2,4,4,4,2,2,2,0,0,0
2024,2,"Ukraine",1,0,1,0,0,20,0,20,0,0,0,20,20,20,0,0,0,0,0,0
2024,2,"United Arab Emirates",1,0,1,0,0,0,0,0,0,0,0,0,0,0,0,0,0,0,0,0
2024,2,"United Kingdom",8,0,1,7,0,5,0,5,0,0,0,5,5,5,0,0,0,0,0,0
2024,2,"United States",39,1,9,29,0,154,82,41,4,23,4,41,41,41,4,4,4,4,4,4
2024,2,"Vietnam",3,0,3,0,0,0,0,0,0,0,0,0,0,0,0,0,0,0,0,0
2024,3,"Angola",4,0,2,2,0,114,59,18,6,31,0,18,18,18,0,0,0,6,6,6
2024,3,"Argentina",1,0,1,0,0,0,0,0,0,0,0,0,0,0,0,0,0,0,0,0
2024,3,"Australia",22,6,10,6,0,27,4,14,2,6,1,14,14,14,1,1,1,2,2,2
2024,3,"Benin",2,0,2,0,0,0,0,0,0,0,0,0,0,0,0,0,0,0,0,0
2024,3,"Brazil",7,0,3,4,0,0,0,0,0,0,0,0,0,0,0,0,0,0,0,0
2024,3,"Burkina Faso",4,0,4,0,0,0,0,0,0,0,0,0,0,0,0,0,0,0,0,0
2024,3,"Canada",4,1,0,3,0,0,0,0,0,0,0,0,0,0,0,0,0,0,0,0
2024,3,"Fiji",1,0,0,1,0,0,0,0,0,0,0,0,0,0,0,0,0,0,0,0
2024,3,"France",5,0,0,5,0,0,0,0,0,0,0,0,0,0,0,0,0,0,0,0
2024,3,"India",3,1,1,1,0,1,0,0,0,1,0,0,0,0,0,0,0,0,0,0
2024,3,"Iran",1,0,1,0,0,0,0,0,0,0,0,0,0,0,0,0,0,0,0,0
2024,3,"Ireland",1,1,0,0,0,0,0,0,0,0,0,0,0,0,0,0,0,0,0,0
2024,3,"Israel",3,2,0,1,0,0,0,0,0,0,0,0,0,0,0,0,0,0,0,0
2024,3,"Japan",7,0,0,7,0,3,0,0,0,3,0,0,0,0,0,0,0,0,0,0
2024,3,"Lebanon",1,0,1,0,0,0,0,0,0,0,0,0,0,0,0,0,0,0,0,0
2024,3,"Lesotho",1,0,1,0,0,0,0,0,0,0,0,0,0,0,0,0,0,0,0,0
2024,3,"Maldives",1,0,0,1,0,0,0,0,0,0,0,0,0,0,0,0,0,0,0,0
2024,3,"Mexico",1,0,1,0,0,0,0,0,0,0,0,0,0,0,0,0,0,0,0,0
2024,3,"Myanmar [Burma]",1,0,1,0,0,0,0,0,0,0,0,0,0,0,0,0,0,0,0,0
2024,3,"Nauru",3,0,3,0,0,49,39,0,0,7,3,0,0,0,3,3,3,0,0,0
2024,3,"Nepal",1,0,1,0,0,7,5,0,0,2,0,0,0,0,0,0,0,0,0,0
2024,3,"Netherlands",3,1,2,0,0,8,6,0,0,2,0,0,0,0,0,0,0,0,0,0
2024,3,"New Zealand",10,2,7,1,0,23,13,6,0,3,1,6,6,6,1,1,1,0,0,0
2024,3,"Nicaragua",1,0,1,0,0,0,0,0,0,0,0,0,0,0,0,0,0,0,0,0
2024,3,"North Korea",3,2,0,1,0,2,0,2,0,0,0,2,2,2,0,0,0,0,0,0
2024,3,"Pakistan",14,2,4,8,0,16,10,0,3,3,0,0,0,0,0,0,0,3,3,3
2024,3,"Philippines",26,10,0,15,1,1,0,1,0,0,0,1,1,1,0,0,0,0,0,0
2024,3,"Russia",8,0,6,2,0,17,15,0,0,2,0,0,0,0,0,0,0,0,0,0
2024,3,"Saudi Arabia",1,0,1,0,0,0,0,0,0,0,0,0,0,0,0,0,0,0,0,0
2024,3,"Singapore",4,0,4,0,0,0,0,0,0,0,0,0,0,0,0,0,0,0,0,0
2024,3,"Somalia",1,0,1,0,0,0,0,0,0,0,0,0,0,0,0,0,0,0,0,0
2024,3,"South Korea",1,0,0,1,0,0,0,0,0,0,0,0,0,0,0,0,0,0,0,0
2024,3,"Sri Lanka",9,0,9,0,0,99,68,6,6,19,0,6,6,6,0,0,0,6,6,6
2024,3,"Suriname",1,0,0,1,0,0,0,0,0,0,0,0,0,0,0,0,0,0,0,0
2024,3,"Taiwan",10,1,2,7,0,35,12,6,0,16,1,6,6,6,1,1,1,0,0,0
2024,3,"Tanzania",1,0,0,1,0,0,0,0,0,0,0,0,0,0,0,0,0,0,0,0
2024,3,"Thailand",3,0,2,1,0,0,0,0,0,0,0,0,0,0,0,0,0,0,0,0
2024,3,"Uganda",1,0,1,0,0,0,0,0,0,0,0,0,0,0,0,0,0,0,0,0
2024,3,"Ukraine",5,0,0,5,0,4,0,4,0,0,0,4,4,4,0,0,0,0,0,0
2024,3,"United Kingdom",28,4,1,23,0,0,0,0,0,0,0,0,0,0,0,0,0,0,0,0
2024,3,"United States",29,6,1,22,0,16,6,4,2,4,0,4,4,4,0,0,0,2,2,2
2024,3,"Uzbekistan",1,0,1,0,0,0,0,0,0,0,0,0,0,0,0,0,0,0,0,0
2024,3,"Vietnam",1,0,0,1,0,0,0,0,0,0,0,0,0,0,0,0,0,0,0,0
2024,3,"Zambia",1,0,1,0,0,0,0,0,0,0,0,0,0,0,0,0,0,0,0,0
2024,3,"Zimbabwe",2,0,2,0,0,0,0,0,0,0,0,0,0,0,0,0,0,0,0,0
2024,4,"Australia",6,1,3,2,0,4,4,0,0,0,0,0,0,0,0,0,0,0,0,0
2024,4,"Bahamas",3,0,3,0,0,31,28,3,0,0,0,3,3,3,0,0,0,0,0,0
2024,4,"Bangladesh",1,0,1,0,0,0,0,0,0,0,0,0,0,0,0,0,0,0,0,0
2024,4,"Bolivia",1,0,1,0,0,1,0,1,0,0,0,1,1,1,0,0,0,0,0,0
2024,4,"Brazil",1,0,1,0,0,0,0,0,0,0,0,0,0,0,0,0,0,0,0,0
2024,4,"Cambodia",5,0,5,0,0,6,3,1,0,1,1,1,1,1,1,1,1,0,0,0
2024,4,"Canada",4,1,0,3,0,0,0,0,0,0,0,0,0,0,0,0,0,0,0,0
2024,4,"Central African Republic",1,0,1,0,0,38,26,3,3,6,0,3,3,3,0,0,0,3,3,3
2024,4,"Colombia",3,0,0,3,0,0,0,0,0,0,0,0,0,0,0,0,0,0,0,0
2024,4,"France",7,0,7,0,0,58,32,6,0,14,6,6,6,6,6,6,6,0,0,0
2024,4,"Germany",10,3,3,4,0,6,3,0,0,3,0,0,0,0,0,0,0,0,0,0
2024,4,"Hungary",5,0,5,0,0,95,63,3,6,17,6,3,3,3,6,6,6,6,6,6
2024,4,"Iran",12,1,0,11,0,7,0,5,2,0,0,5,5,5,0,0,0,2,2,2
2024,4,"Israel",14,1,1,12,0,0,0,0,0,0,0,0,0,0,0,0,0,0,0,0
2024,4,"Japan",52,6,5,41,0,7,2,3,0,2,0,3,3,3,0,0,0,0,0,0
2024,4,"Maldives",2,0,2,0,0,0,0,0,0,0,0,0,0,0,0,0,0,0,0,0
2024,4,"Malta",3,0,3,0,0,13,10,0,0,0,3,0,0,0,3,3,3,0,0,0
2024,4,"Mexico",2,0,0,2,0,0,0,0,0,0,0,0,0,0,0,0,0,0,0,0
2024,4,"Micronesia",2,0,2,0,0,130,90,9,10,17,4,9,9,9,4,4,4,10,10,10
2024,4,"Netherlands",1,0,0,1,0,0,0,0,0,0,0,0,0,0,0,0,0,0,0,0
2024,4,"Nicaragua",2,0,2,0,0,0,0,0,0,0,0,0,0,0,0,0,0,0,0,0
2024,4,"North Korea",13,0,12,1,0,2,0,2,0,0,0,2,2,2,0,0,0,0,0,0
2024,4,"Pakistan",1,1,0,0,0,18,16,0,0,2,0,0,0,0,0,0,0,0,0,0
2024,4,"Papua New Guinea",4,0,4,0,0,34,21,2,6,5,0,2,2,2,0,0,0,6,6,6
2024,4,"Philippines",33,9,3,21,0,1,0,0,0,1,0,0,0,0,0,0,0,0,0,0
2024,4,"Russia",17,0,14,3,0,4,0,0,2,2,0,0,0,0,0,0,0,2,2,2
2024,4,"Senegal",1,0,1,0,0,0,0,0,0,0,0,0,0,0,0,0,0,0,0,0
2024,4,"Solomon Islands",1,0,0,1,0,2,0,2,0,0,0,2,2,2,0,0,0,0,0,0
2024,4,"South Korea",2,0,2,0,0,0,0,0,0,0,0,0,0,0,0,0,0,0,0,0
2024,4,"Sri Lanka",1,0,1,0,0,0,0,0,0,0,0,0,0,0,0,0,0,0,0,0
2024,4,"Sudan",1,0,1,0,0,0,0,0,0,0,0,0,0,0,0,0,0,0,0,0
2024,4,"Taiwan",4,1,1,2,0,29,5,7,3,12,2,7,7,7,2,2,2,3,3,3
2024,4,"Thailand",2,0,2,0,0,0,0,0,0,0,0,0,0,0,0,0,0,0,0,0
2024,4,"Tonga",2,0,1,1,0,0,0,0,0,0,0,0,0,0,0,0,0,0,0,0
2024,4,"Turkey",3,3,0,0,0,0,0,0,0,0,0,0,0,0,0,0,0,0,0,0
2024,4,"Ukraine",1,0,1,0,0,6,0,4,2,0,0,4,4,4,0,0,0,2,2,2
2024,4,"United Kingdom",7,2,1,4,0,10,8,0,0,0,2,0,0,0,2,2,2,0,0,0
2024,4,"United States",83,6,14,63,0,79,42,21,2,12,2,21,21,21,2,2,2,2,2,2
2024,4,"Vietnam",1,0,1,0,0,37,24,2,3,5,3,2,2,2,3,3,3,3,3,3
2024,4,"Yemen",2,0,0,2,0,0,0,0,0,0,0,0,0,0,0,0,0,0,0,0
2024,4,"Zambia",2,0,2,0,0,0,0,0,0,0,0,0,0,0,0,0,0,0,0,0
2024,5,"Afghanistan",2,1,1,0,0,13,10,3,0,0,0,3,3,3,0,0,0,0,0,0
2024,5,"Australia",36,12,3,21,0,3,0,0,0,3,0,0,0,0,0,0,0,0,0,0
2024,5,"Bahrain",3,0,3,0,0,46,26,5,0,11,4,5,5,5,4,4,4,0,0,0
2024,5,"Belarus",2,0,0,2,0,32,17,0,3,12,0,0,0,0,0,0,0,3,3,3
2024,5,"Brazil",2,0,2,0,0,3,3,0,0,0,0,0,0,0,0,0,0,0,0,0
2024,5,"Cambodia",1,0,1,0,0,23,14,0,1,8,0,0,0,0,0,0,0,1,1,1
2024,5,"Canada",1,0,0,1,0,0,0,0,0,0,0,0,0,0,0,0,0,0,0,0
2024,5,"Comoros",1,0,1,0,0,19,16,0,0,3,0,0,0,0,0,0,0,0,0,0
2024,5,"Egypt",8,0,8,0,0,132,75,12,0,30,15,12,12,12,15,15,15,0,0,0
2024,5,"El Salvador",2,0,2,0,0,0,0,0,0,0,0,0,0,0,0,0,0,0,0,0
2024,5,"Equatorial Guinea",5,0,5,0,0,199,126,11,2,55,5,11,11,11,5,5,5,2,2,2
2024,5,"Fiji",1,0,0,1,0,0,0,0,0,0,0,0,0,0,0,0,0,0,0,0
2024,5,"France",21,1,20,0,0,639,346,108,8,131,46,108,108,108,46,46,46,8,8,8
2024,5,"Ghana",1,0,0,1,0,0,0,0,0,0,0,0,0,0,0,0,0,0,0,0
2024,5,"Greece",3,0,3,0,0,8,0,0,0,2,6,0,0,0,6,6,6,0,0,0
2024,5,"Guatemala",2,0,0,2,0,0,0,0,0,0,0,0,0,0,0,0,0,0,0,0
2024,5,"Guyana",1,0,1,0,0,0,0,0,0,0,0,0,0,0,0,0,0,0,0,0
2024,5,"Hungary",30,0,29,1,0,475,214,58,20,119,64,58,58,58,64,64,64,20,20,20
2024,5,"India",6,0,5,0,1,4,4,0,0,0,0,0,0,0,0,0,0,0,0,0
2024,5,"Iran",19,0,18,1,0,15,1,7,2,5,0,7,7,7,0,0,0,2,2,2
2024,5,"Israel",16,0,1,15,0,3,0,0,0,3,0,0,0,0,0,0,0,0,0,0
2024,5,"Japan",18,1,6,11,0,88,55,9,0,22,2,9,9,9,2,2,2,0,0,0
2024,5,"Kazakhstan",5,0,5,0,0,58,47,3,0,8,0,3,3,3,0,0,0,0,0,0
2024,5,"Kyrgyzstan",1,0,1,0,0,16,12,0,2,2,0,0,0,0,0,0,0,2,2,2
2024,5,"Madagascar",1,0,1,0,0,0,0,0,0,0,0,0,0,0,0,0,0,0,0,0
2024,5,"Malaysia",2,0,2,0,0,44,27,0,3,14,0,0,0,0,0,0,0,3,3,3
2024,5,"Namibia",2,0,2,0,0,0,0,0,0,0,0,0,0,0,0,0,0,0,0,0
2024,5,"Niger",1,1,0,0,0,0,0,0,0,0,0,0,0,0,0,0,0,0,0,0
2024,5,"Nigeria",2,1,0,1,0,0,0,0,0,0,0,0,0,0,0,0,0,0,0,0
2024,5,"North Korea",8,5,1,2,0,16,0,6,3,7,0,6,6,6,0,0,0,3,3,3
2024,5,"Pakistan",10,0,9,1,0,139,66,19,2,50,2,19,19,19,2,2,2,2,2,2
2024,5,"Philippines",18,6,2,10,0,2,0,1,0,1,0,1,1,1,0,0,0,0,0,0
2024,5,"Russia",45,1,33,11,0,499,206,133,25,114,21,133,133,133,21,21,21,25,25,25
2024,5,"Saudi Arabia",4,0,4,0,0,4,2,2,0,0,0,2,2,2,0,0,0,0,0,0
2024,5,"Singapore",4,0,4,0,0,8,2,6,0,0,0,6,6,6,0,0,0,0,0,0
2024,5,"Solomon Islands",3,0,3,0,0,0,0,0,0,0,0,0,0,0,0,0,0,0,0,0
2024,5,"South Africa",1,0,1,0,0,0,0,0,0,0,0,0,0,0,0,0,0,0,0,0
2024,5,"South Korea",16,1,5,10,0,48,40,0,0,8,0,0,0,0,0,0,0,0,0,0
2024,5,"Sudan",2,0,0,2,0,0,0,0,0,0,0,0,0,0,0,0,0,0,0,0
2024,5,"Switzerland",2,0,0,2,0,0,0,0,0,0,0,0,0,0,0,0,0,0,0,0
2024,5,"Taiwan",54,9,3,42,0,249,66,55,0,107,21,55,55,55,21,21,21,0,0,0
2024,5,"Tajikistan",4,0,4,0,0,50,22,3,4,15,6,3,3,3,6,6,6,4,4,4
2024,5,"Thailand",1,0,1,0,0,10,2,6,0,2,0,6,6,6,0,0,0,0,0,0
2024,5,"Tunisia",4,0,4,0,0,96,46,9,4,22,15,9,9,9,15,15,15,4,4,4
2024,5,"Turkey",1,0,1,0,0,0,0,0,0,0,0,0,0,0,0,0,0,0,0,0
2024,5,"Ukraine",7,0,2,5,0,101,0,85,0,16,0,85,85,85,0,0,0,0,0,0
2024,5,"United Arab Emirates",4,0,4,0,0,0,0,0,0,0,0,0,0,0,0,0,0,0,0,0
2024,5,"United Kingdom",13,2,1,10,0,21,2,5,2,5,7,5,5,5,7,7,7,2,2,2
2024,5,"United States",68,12,3,52,1,99,43,34,0,22,0,34,34,34,0,0,0,0,0,0
2024,5,"Uzbekistan",2,0,2,0,0,41,26,0,3,12,0,0,0,0,0,0,0,3,3,3
2024,5,"Vietnam",7,3,3,0,1,2,2,0,0,0,0,0,0,0,0,0,0,0,0,0
2024,5,"Zambia",3,0,3,0,0,0,0,0,0,0,0,0,0,0,0,0,0,0,0,0
2024,6,"Australia",12,1,9,2,0,60,26,4,4,26,0,4,4,4,0,0,0,4,4,4
2024,6,"Bahrain",2,0,2,0,0,29,19,4,0,4,2,4,4,4,2,2,2,0,0,0
2024,6,"Bangladesh",2,0,2,0,0,0,0,0,0,0,0,0,0,0,0,0,0,0,0,0
2024,6,"Belgium",3,0,0,3,0,0,0,0,0,0,0,0,0,0,0,0,0,0,0,0
2024,6,"Brazil",2,0,1,1,0,40,22,3,6,9,0,3,3,3,0,0,0,6,6,6
2024,6,"Bulgaria",1,0,1,0,0,0,0,0,0,0,0,0,0,0,0,0,0,0,0,0
2024,6,"Cambodia",1,0,1,0,0,5,0,0,0,5,0,0,0,0,0,0,0,0,0,0
2024,6,"Canada",2,0,0,2,0,5,0,0,0,5,0,0,0,0,0,0,0,0,0,0
2024,6,"Colombia",1,0,0,1,0,0,0,0,0,0,0,0,0,0,0,0,0,0,0,0
2024,6,"Costa Rica",1,0,1,0,0,0,0,0,0,0,0,0,0,0,0,0,0,0,0,0
2024,6,"Denmark",1,0,0,1,0,0,0,0,0,0,0,0,0,0,0,0,0,0,0,0
2024,6,"Ethiopia",1,0,1,0,0,6,6,0,0,0,0,0,0,0,0,0,0,0,0,0
2024,6,"France",2,0,1,1,0,11,6,0,0,5,0,0,0,0,0,0,0,0,0,0
2024,6,"Guatemala",2,2,0,0,0,0,0,0,0,0,0,0,0,0,0,0,0,0,0,0
2024,6,"Iceland",2,0,2,0,0,0,0,0,0,0,0,0,0,0,0,0,0,0,0,0
2024,6,"India",9,0,4,5,0,4,4,0,0,0,0,0,0,0,0,0,0,0,0,0
2024,6,"Iran",3,0,3,0,0,7,0,7,0,0,0,7,7,7,0,0,0,0,0,0
2024,6,"Israel",2,0,0,2,0,0,0,0,0,0,0,0,0,0,0,0,0,0,0,0
2024,6,"Japan",21,10,4,7,0,17,10,2,0,5,0,2,2,2,0,0,0,0,0,0
2024,6,"Jordan",1,0,1,0,0,0,0,0,0,0,0,0,0,0,0,0,0,0,0,0
2024,6,"Kyrgyzstan",2,0,2,0,0,5,3,0,0,2,0,0,0,0,0,0,0,0,0,0
2024,6,"Malaysia",10,1,9,0,0,28,12,0,0,8,8,0,0,0,8,8,8,0,0,0
2024,6,"Mexico",5,0,5,0,0,0,0,0,0,0,0,0,0,0,0,0,0,0,0,0
2024,6,"Myanmar [Burma]",1,0,1,0,0,11,6,5,0,0,0,5,5,5,0,0,0,0,0,0
2024,6,"Netherlands",6,0,0,6,0,0,0,0,0,0,0,0,0,0,0,0,0,0,0,0
2024,6,"New Zealand",14,0,12,2,0,5,0,0,0,5,0,0,0,0,0,0,0,0,0,0
2024,6,"Nigeria",1,1,0,0,0,68,32,6,6,18,6,6,6,6,6,6,6,6,6,6
2024,6,"North Korea",1,0,1,0,0,6,0,6,0,0,0,6,6,6,0,0,0,0,0,0
2024,6,"Norway",1,1,0,0,0,0,0,0,0,0,0,0,0,0,0,0,0,0,0,0
2024,6,"Pakistan",6,0,3,3,0,126,66,20,6,32,2,20,20,20,2,2,2,6,6,6
2024,6,"Peru",4,0,4,0,0,21,15,0,2,2,2,0,0,0,2,2,2,2,2,2
2024,6,"Philippines",38,18,3,17,0,5,4,0,0,1,0,0,0,0,0,0,0,0,0,0
2024,6,"Poland",6,0,4,1,1,7,5,0,1,1,0,0,0,0,0,0,0,1,1,1
2024,6,"Russia",9,0,8,1,0,7,2,2,0,3,0,2,2,2,0,0,0,0,0,0
2024,6,"Singapore",5,0,3,2,0,5,5,0,0,0,0,0,0,0,0,0,0,0,0,0
2024,6,"Somalia",1,0,1,0,0,6,3,0,0,3,0,0,0,0,0,0,0,0,0,0
2024,6,"South Africa",7,0,7,0,0,12,10,2,0,0,0,2,2,2,0,0,0,0,0,0
2024,6,"South Korea",2,0,1,1,0,8,7,0,0,1,0,0,0,0,0,0,0,0,0,0
2024,6,"Spain",2,0,0,2,0,0,0,0,0,0,0,0,0,0,0,0,0,0,0,0
2024,6,"Switzerland",1,0,0,1,0,0,0,0,0,0,0,0,0,0,0,0,0,0,0,0
2024,6,"Taiwan",34,8,0,25,1,126,23,11,0,81,11,11,11,11,11,11,11,0,0,0
2024,6,"Tajikistan",3,0,3,0,0,2,0,0,0,2,0,0,0,0,0,0,0,0,0,0
2024,6,"Thailand",1,0,1,0,0,5,0,0,0,5,0,0,0,0,0,0,0,0,0,0
2024,6,"Turkey",1,0,0,1,0,40,24,0,0,16,0,0,0,0,0,0,0,0,0,0
2024,6,"Ukraine",3,0,2,1,0,25,1,18,0,6,0,18,18,18,0,0,0,0,0,0
2024,6,"United Arab Emirates",2,0,2,0,0,0,0,0,0,0,0,0,0,0,0,0,0,0,0,0
2024,6,"United Kingdom",12,1,1,10,0,0,0,0,0,0,0,0,0,0,0,0,0,0,0,0
2024,6,"United States",60,4,8,48,0,117,41,15,2,59,0,15,15,15,0,0,0,2,2,2
2024,6,"Venezuela",3,0,3,0,0,0,0,0,0,0,0,0,0,0,0,0,0,0,0,0
2024,6,"Vietnam",8,0,8,0,0,6,6,0,0,0,0,0,0,0,0,0,0,0,0,0
